,Compound,Date,Negative,Neutral,Positive,Source,Text,Tweets Ago
0,0.7096,Tue Oct 30 19:54:03 +0000 2018,0.0,0.718,0.282,BBC,üíñ Japan‚Äôs Princess Ayako has surrendered her royal title to marry the man she loves.  https://t.co/sk8Ngj8Hdb,1
1,0.0258,Tue Oct 30 19:06:04 +0000 2018,0.101,0.741,0.159,BBC,"Sid is one of the growing number of women who are performing in drag.
(via @BBCThree) https://t.co/YWwiNNn603",2
2,0.0,Tue Oct 30 18:09:02 +0000 2018,0.0,1.0,0.0,BBC,"ü¶å Not everyone is slowing down as the days get shorter and the cold sets in. 

Meet Britain‚Äôs busiest autumn animal‚Ä¶ https://t.co/MCljdtQxWu",3
3,0.0,Tue Oct 30 17:02:06 +0000 2018,0.0,1.0,0.0,BBC,"I'm old at heart ü§∑‚Äç‚ôÄÔ∏è
https://t.co/D5USf6s83x",4
4,0.0772,Tue Oct 30 16:25:13 +0000 2018,0.0,0.949,0.051,BBC,"RT @BBCCiN: Last night on the @BBCTheOneShow we met Kayla. She'll be taking on the Rickshaw Challenge with Kieran, Maisie and the rest of t‚Ä¶",5
5,0.0,Tue Oct 30 14:08:02 +0000 2018,0.0,1.0,0.0,BBC,We live in a society where we are constantly told that we are exceptional and unique... but it turns out that somet‚Ä¶ https://t.co/JrKmfOxgvj,6
6,0.886,Tue Oct 30 13:03:03 +0000 2018,0.0,0.551,0.449,BBC,"You haVe to be Very, Very, Very cleVer to solVe this... üòÑ 
#OnlyConnect https://t.co/uhWkzybWWf",7
7,0.743,Tue Oct 30 12:01:05 +0000 2018,0.065,0.687,0.247,BBC,"üòÇ @RitaOra as @PostMalone is üôå

The celebrity costumes winning this #Halloween.
üëâ https://t.co/RTpGmYoHQw https://t.co/tXzNDYKYf1",8
8,0.0,Tue Oct 30 11:09:15 +0000 2018,0.0,1.0,0.0,BBC,"Venice under water as Italy hit by fierce wind and heavy rain.
üëâ https://t.co/VRJ1oBJgoz https://t.co/vifdoS0Q5W",9
9,-0.4767,Tue Oct 30 10:20:56 +0000 2018,0.245,0.659,0.095,BBC,"RT @BBCTwo: Could Grenfell have been avoided? Watch the dramatic, haunting story of five fires and clear warnings that foretold the disaste‚Ä¶",10
10,-0.4588,Tue Oct 30 09:01:05 +0000 2018,0.444,0.556,0.0,BBC,The Mediterranean has a serious plastic problem. https://t.co/0yQxNvQoNv,11
11,-0.5719,Tue Oct 30 08:07:02 +0000 2018,0.222,0.778,0.0,BBC,"How to cope when your partner has depression.
üëâ https://t.co/XXstUicKsb https://t.co/wCm1bOmVcy",12
12,0.0,Tue Oct 30 07:20:05 +0000 2018,0.0,1.0,0.0,BBC,üê∂‚ù§Ô∏è These dogs are changing the lives of army veterans.  https://t.co/Ow8HeMHyKn,13
13,0.0,Mon Oct 29 20:11:03 +0000 2018,0.0,1.0,0.0,BBC,"British Summer Time is over. Do the Tundra. 
(via @BBCThree) https://t.co/5RRBpwUpjM",14
14,0.474,Mon Oct 29 19:08:06 +0000 2018,0.0,0.618,0.382,BBC,"Dumbledore? More like ‚ÄúDumble-DAMN!‚Äù 
#TheGNShow https://t.co/ECOcBcCRF4",15
15,-0.3612,Mon Oct 29 18:12:07 +0000 2018,0.205,0.655,0.14,BBC,"ü§∑‚Äç‚ôÄÔ∏èüòº Ever wondered if your teeny tiny adorable cat is actually trying to kill you? 
#NationalCatDay https://t.co/FyonKEdYPp",16
16,-0.3595,Mon Oct 29 17:18:45 +0000 2018,0.161,0.839,0.0,BBC,"RT @BBCTwo: Because it's #NationalCatDay, here's the story of @JoeLycett's missing cat! üòπüòπ https://t.co/PnWfcWy1oU",17
17,0.6808,Mon Oct 29 17:05:04 +0000 2018,0.0,0.663,0.337,BBC,‚ù§Ô∏èüéÇ These children surprised their janitor by signing the Happy Birthday song. https://t.co/bxMNfoeusN,18
18,0.8883,Mon Oct 29 17:04:00 +0000 2018,0.0,0.657,0.343,BBC,"RT @BBCCiN: Just when Josh needs a boost, @EdSheeran pops up with a welcome message. 

Josh: ""That's Ed...what's he doin' on there?!"" üòÑ

@B‚Ä¶",19
19,0.8388,Mon Oct 29 15:59:27 +0000 2018,0.0,0.765,0.235,BBC,"RT @BBCCiN: There's SO many good reasons to get out and ramble. And SOO many lovely ramble hats out there too! ü§©

You can still set up your‚Ä¶",20
20,0.4215,Mon Oct 29 15:13:03 +0000 2018,0.0,0.823,0.177,BBC,"üêæüò∫ Science has confirmed: cats are nice. #NationalCatDay
üëâ https://t.co/nTtAUxYl6v https://t.co/XfDmYHaGKD",21
21,0.25,Mon Oct 29 14:03:03 +0000 2018,0.091,0.769,0.139,BBC,"Forget the six-pack, invest in a baby carrier instead...

Thanks to Daniel Craig, #BabyWearingDad is now the hottes‚Ä¶ https://t.co/EAQX5Kff5F",22
22,0.5093,Mon Oct 29 12:52:05 +0000 2018,0.0,0.829,0.171,BBC,"üòª Rusty spotted cats are the world's smallest (and cutest?!) cats. 
#NationalCatDay  https://t.co/PgIC5WfdaJ",23
23,-0.4588,Mon Oct 29 12:46:33 +0000 2018,0.136,0.864,0.0,BBC,"RT @BBCSport: Heartbreaking pictures.

Vichai Srivaddhanaprabha's son Aiyawatt and wife Aimon have been to lay flowers at King Power Stadiu‚Ä¶",24
24,0.6124,Mon Oct 29 12:43:58 +0000 2018,0.0,0.846,0.154,BBC,RT @BBCBodyPositive: You‚Äôre gorgeous just the way you are...we‚Äôre willing to bet we aren‚Äôt the only ones who think so üòç. #WhatISee https://‚Ä¶,25
25,0.5719,Mon Oct 29 11:55:09 +0000 2018,0.0,0.861,0.139,BBC,üå∏üíÄ A parade was held in Mexico City on Saturday evening to honour the start of the annual D√≠a de Muertos (Day of th‚Ä¶ https://t.co/xgsXWSf5dE,26
26,-0.5574,Mon Oct 29 09:02:05 +0000 2018,0.194,0.806,0.0,BBC,"üá´üá∑ France is the first country to ban supermarkets from throwing away food.
(via @BBCThree) https://t.co/Gw4VSHGA32",27
27,0.5267,Mon Oct 29 08:13:06 +0000 2018,0.107,0.641,0.252,BBC,"Being bad-tempered and pessimistic could help you to earn more, live longer and enjoy a healthier marriage. 

It‚Äôs‚Ä¶ https://t.co/m86hDJ1Ghz",28
28,0.0,Mon Oct 29 07:25:00 +0000 2018,0.0,1.0,0.0,BBC,"When all the stars align...
#Impossible https://t.co/RgFGHUG13o",29
29,-0.5574,Sun Oct 28 20:53:06 +0000 2018,0.213,0.787,0.0,BBC,"When Arthur Flitwick finds a mobile phone in a graveyard, he makes the mistake of trying to contact the owner.‚Ä¶ https://t.co/QjE2p89yFc",30
30,0.049,Sun Oct 28 20:02:03 +0000 2018,0.185,0.613,0.202,BBC,"Don't like plastic straws? 

üëçüçù Here's a genius solution. https://t.co/79fOaOmak3",31
31,-0.7177,Sun Oct 28 19:03:02 +0000 2018,0.263,0.737,0.0,BBC,"üò±üò±üò± If you kill a wasp, MORE will come back to take its place! 
#QI https://t.co/eWreMnPPwF",32
32,0.0,Sun Oct 28 17:55:07 +0000 2018,0.0,1.0,0.0,BBC,"Why did J-Hope choose this stage name? When are their birthdays?  Who bites their nails?

How much do you know abou‚Ä¶ https://t.co/Hqe7h1ueFM",33
33,0.0,Sun Oct 28 17:12:03 +0000 2018,0.0,1.0,0.0,BBC,"Start them young! 
üê∂üòç Two-year-old Freddie is already training the dogs.  https://t.co/7LsBHnck3K",34
34,0.3612,Sun Oct 28 16:05:06 +0000 2018,0.0,0.848,0.152,BBC,"Chimpanzees show empathy and altruism just like humans do. 

Could we learn from them? 
 https://t.co/fAcjiLmZKA",35
35,0.0,Sun Oct 28 15:11:06 +0000 2018,0.0,1.0,0.0,BBC,"ü•õ‚òïÔ∏èü§î When you make a cup of tea, does the milk go in first or last?

Here's what #QI had to say on the controversia‚Ä¶ https://t.co/ygoaQNLPoW",36
36,0.0,Sun Oct 28 14:09:02 +0000 2018,0.0,1.0,0.0,BBC,"The #ChildrenInNeed Annual Duck Race Sweepstake is back! *cue the music*

üìù Get posters from the @BBCCiN site
ü¶Ü Don‚Ä¶ https://t.co/5iZ9toxjxK",37
37,-0.2732,Sun Oct 28 12:52:03 +0000 2018,0.137,0.773,0.09,BBC,The same virus that causes cold sores appears to create lasting damage in the brain - a discovery that could sugges‚Ä¶ https://t.co/yU9R5x6N4j,38
38,-0.7717,Sun Oct 28 12:08:07 +0000 2018,0.358,0.642,0.0,BBC,".@ProfessorGreen meets young men whose illegal dogs are trained to attack. 
(via @BBCThree) https://t.co/yE4DyXi5zV",39
39,0.4588,Sun Oct 28 10:11:04 +0000 2018,0.0,0.75,0.25,BBC,"Honestly, I'll apply for any job at this point... https://t.co/HYxY3JL0Cf",40
40,0.0,Sun Oct 28 10:03:58 +0000 2018,0.0,1.0,0.0,BBC,RT @BBCOne: We could have had an extra HOUR in bed! https://t.co/hh2M3Jof0w,41
41,0.5267,Sun Oct 28 09:08:06 +0000 2018,0.0,0.827,0.173,BBC,"üíä The vitamin industry is booming and we Brits have bought into it in a big way.

But can a vitamin pill a day real‚Ä¶ https://t.co/OIIAc7zu2d",42
42,-0.1027,Sun Oct 28 08:49:16 +0000 2018,0.06,0.94,0.0,BBC,"RT @BBCTwo: It‚Äôs hard to believe how many dolphins and whales live in this small patch of water. üê≥üê¨ 

#Mediterranean with @Simon_Reeve | Su‚Ä¶",43
43,-0.296,Sun Oct 28 08:01:06 +0000 2018,0.268,0.732,0.0,BBC,üìö This library has no rules. https://t.co/TLWJHUF71j,44
44,0.25,Sat Oct 27 19:18:05 +0000 2018,0.0,0.913,0.087,BBC,"üé®ü§ñ An artwork created by an AI program has been sold at auction for $432,000 (¬£337,000). 
üëâ https://t.co/Wdu4meSMIa https://t.co/ZtXs6GP15V",45
45,0.4404,Sat Oct 27 17:45:08 +0000 2018,0.129,0.612,0.259,BBC,üòÇ When #Strictly met the Boosh. https://t.co/nmcroLwIKG,46
46,0.7717,Sat Oct 27 17:04:05 +0000 2018,0.0,0.642,0.358,BBC,"üêæ The Scottish wildcat - beautiful, powerful, and on the edge of extinction.  https://t.co/CeUFt9jwJn",47
47,0.0,Sat Oct 27 16:10:02 +0000 2018,0.0,1.0,0.0,BBC,"For us it seems completely normal to buy a cup of coffee, drink it, and throw the cup away. 

But it was not always‚Ä¶ https://t.co/PlnNljS2o0",48
48,0.0,Sat Oct 27 15:14:05 +0000 2018,0.0,1.0,0.0,BBC,"Remember Cher Horowitz, the fashion-obsessed Beverly Hills high-school girl who stole our hearts in the 1995 teen f‚Ä¶ https://t.co/eXlpggoKN9",49
49,0.4019,Sat Oct 27 14:13:04 +0000 2018,0.0,0.847,0.153,BBC,üåÆ Say goodbye to shop-bought taco shells with @BBCFood's nifty way to make your own. https://t.co/LXGGo0kOjw,50
50,0.5411,Sat Oct 27 11:54:03 +0000 2018,0.0,0.811,0.189,BBC,"üîô‚è∞ Remember the #ClocksGoBack on Sunday morning.

üò¥ Enjoy that extra hour of sleep! https://t.co/w7oxt32UDQ",51
51,-0.8591,Sat Oct 27 11:34:00 +0000 2018,0.333,0.667,0.0,BBC,Karl suffered terrible injuries in Iraq when he was set alight by a petrol bomb. Now he runs marathons and is takin‚Ä¶ https://t.co/y9OQ60xISB,52
52,0.4767,Sat Oct 27 11:17:51 +0000 2018,0.0,0.78,0.22,BBC,RT @BBCSport: It was a star-studded medal ceremony at the Invictus Games. https://t.co/6KTon5TqWA,53
53,0.0,Sat Oct 27 11:14:05 +0000 2018,0.0,1.0,0.0,BBC,üò¨üò¨üò¨ https://t.co/JuOZ01pWAS,54
54,-0.5574,Sat Oct 27 10:09:05 +0000 2018,0.286,0.714,0.0,BBC,How to navigate the nasty side of social media‚Ä¶ https://t.co/huPdnadDwD,55
55,0.8074,Sat Oct 27 10:06:04 +0000 2018,0.0,0.7,0.3,BBC,"The way our best friends see us is often so different to how we see ourselves. 
(via @BBCBodyPositive) https://t.co/u4xoxKPMYN",56
56,0.8271,Sat Oct 27 09:08:05 +0000 2018,0.081,0.565,0.353,BBC,‚ù§Ô∏è @GaryScribbler's beautifully poignant animation details what family life is like since the loss of his wife Joy. https://t.co/zvoHQ03FNF,57
57,0.3818,Sat Oct 27 08:17:03 +0000 2018,0.0,0.833,0.167,BBC,"üçÇüçÅ Stunning autumnal scenes from around the world. 
üëâ https://t.co/EmUZor2X3D https://t.co/h24R3u9ZXo",58
58,-0.3182,Sat Oct 27 07:05:00 +0000 2018,0.099,0.901,0.0,BBC,"Kushal was only 25 when he lost both his legs during a tour of Afghanistan.

Now he's representing the UK at the‚Ä¶ https://t.co/egVLlQG0No",59
59,0.4939,Fri Oct 26 19:07:05 +0000 2018,0.083,0.696,0.222,BBC,üòÇ When your parents want you to skip uni and be a reality TV star. https://t.co/IDhLMblJY5,60
60,0.4939,Fri Oct 26 18:05:04 +0000 2018,0.0,0.738,0.262,BBC,"üòÇüì± @FrankieBoyle on the joys of Twitter bios...
#LiveAtTheApollo  https://t.co/huZCxeHKRZ",61
61,-0.4767,Fri Oct 26 16:30:00 +0000 2018,0.154,0.846,0.0,BBC,"After suffering two strokes, Kelly was left partially sighted and was medically discharged from the army. 

Competi‚Ä¶ https://t.co/czTBnVDt3z",62
62,0.0,Fri Oct 26 16:03:03 +0000 2018,0.0,1.0,0.0,BBC,Relatable https://t.co/3ameI9awqL,63
63,-0.5093,Fri Oct 26 16:01:32 +0000 2018,0.163,0.837,0.0,BBC,"RT @BBCScotland: It has begun! Snow is falling at the Glencoe Mountain Resort ‚ùÑÔ∏èüå®

A yellow 'be aware' warning has been issued for the High‚Ä¶",64
64,0.0,Fri Oct 26 15:31:06 +0000 2018,0.0,1.0,0.0,BBC,"üòÇüèÑ How we feel leaving the office on a Friday afternoon. 
#FridayFeeling https://t.co/avzJxAHxzK",65
65,-0.4588,Fri Oct 26 14:39:18 +0000 2018,0.364,0.636,0.0,BBC,RT @BBCTwo: The #Mediterranean has a serious plastic problem. https://t.co/NEYour08tH,66
66,-0.4003,Fri Oct 26 13:59:39 +0000 2018,0.31,0.69,0.0,BBC,RT @bbcstrictly: Keeeeep sleeping! ‚è∞ https://t.co/3OJdm0XZfk,67
67,0.4588,Fri Oct 26 13:58:57 +0000 2018,0.0,0.889,0.111,BBC,"RT @BBCScotland: Watch the sky turn from yellow to red to pink in this stunning timelapse of the sunset in Aberdeen, captured by Fiona Balh‚Ä¶",68
68,-0.2714,Fri Oct 26 13:51:19 +0000 2018,0.186,0.694,0.12,BBC,"RT @BBCTwo: Can you guess the horror movie from the emojis? üéÉüò±üíÄüëªüé¨

#InsideNo9's @ReeceShearsmith and @SP1nightonly gave it a go...! üòÇ https‚Ä¶",69
69,0.7003,Fri Oct 26 13:04:08 +0000 2018,0.0,0.674,0.326,BBC,"üëäüñê‚úåÔ∏è
Three simple strategies to help you triumph at that all-important game, rock-paper-scissors. https://t.co/1fnLFffyVI",70
70,-0.1783,Fri Oct 26 13:03:05 +0000 2018,0.175,0.717,0.108,BBC,"ü¶Ñüò± Cancel all your holiday plans - there's an inflatable unicorn island!

üôà Look away if you don't like pastels...‚Ä¶ https://t.co/YnQXuMnwvo",71
71,0.1511,Fri Oct 26 11:51:44 +0000 2018,0.0,0.863,0.137,BBC,"üíöüé∂ You‚Äôll want sound on for this! 
*Goosebumps*
#Dynasties üêµüêßü¶Åüê∫üêØ https://t.co/oEcQTD2q90",72
72,0.2732,Fri Oct 26 11:45:21 +0000 2018,0.0,0.769,0.231,BBC,RT @bbcdoctorwho: Jodie's Costume Creation @HolmanRay #DoctorWho https://t.co/rZfPiXM5ka,73
73,0.0,Fri Oct 26 11:08:01 +0000 2018,0.0,1.0,0.0,BBC,"‚ÄòThe legacy they're leaving, and leading, is very special.‚Äô

Ambassador, David Beckham wants his sons to draw inspi‚Ä¶ https://t.co/iz4XZ2a6cS",74
74,0.0,Fri Oct 26 10:55:28 +0000 2018,0.0,1.0,0.0,BBC,"RT @BBCCiN: The Annual Duck Race Sweepstake is back! *cue the music*

üìù Get posters from our site
ü¶Ü Donate ¬£2 to pick a duck
üèÅ Watch the ra‚Ä¶",75
75,0.5719,Fri Oct 26 09:50:53 +0000 2018,0.0,0.829,0.171,BBC,"People have been recreating their Stonehenge photos from decades ago to celebrate 100 years of public ownership. 
üëâ‚Ä¶ https://t.co/hoAtVExEa8",76
76,0.3818,Fri Oct 26 09:22:00 +0000 2018,0.0,0.794,0.206,BBC,"Wheelchair rugby is called ""murderball"" for a reason üò≤
#InvictusGames https://t.co/Cc7slttOGH",77
77,-0.4019,Fri Oct 26 08:03:03 +0000 2018,0.153,0.847,0.0,BBC,"üëè Daniela taught herself robotics, and now she‚Äôs made a wearable sensor for blind people. 
 https://t.co/p3kSQIKIrD",78
78,0.0,Fri Oct 26 07:09:04 +0000 2018,0.0,1.0,0.0,BBC,"These striking photos show the scars left by humankind on the face of our planet.
üëâ https://t.co/4jrQk41NLG https://t.co/ydkacF3dtD",79
79,0.2235,Fri Oct 26 06:06:03 +0000 2018,0.0,0.9,0.1,BBC,"Wayne had never painted until he had a seizure two years ago.

üé® Now he can't stop. https://t.co/7FRWzDqw2z",80
80,0.2023,Thu Oct 25 18:53:02 +0000 2018,0.0,0.904,0.096,BBC,"üßôüí´ A top Indian law university has introduced a course based on the fictional world of Harry Potter.
üëâ‚Ä¶ https://t.co/yd5EyRh4YD",81
81,0.0,Thu Oct 25 18:06:05 +0000 2018,0.0,1.0,0.0,BBC,üñºüëÆüòÇ The time @JoeLycett helped with a #QI art heist... https://t.co/Xf94Sik9l8,82
82,0.4588,Thu Oct 25 16:55:06 +0000 2018,0.071,0.746,0.183,BBC,"üòÇ A Dutch town has officially opened a 'silly walks' road crossing and it's a hit. 
üëâ https://t.co/N9jvQIalb4 https://t.co/il4u78Uwkn",83
83,0.0,Thu Oct 25 16:29:22 +0000 2018,0.0,1.0,0.0,BBC,RT @bbcwritersroom: #TheLittleDrummerGirl is @BBCOne's new drama beginning Sunday (28th Oct). We caught up with #screenwriters Michael Less‚Ä¶,84
84,0.5719,Thu Oct 25 16:04:05 +0000 2018,0.0,0.701,0.299,BBC,"üêïüé∂ These police dogs are played classical music to calm them down.  
 https://t.co/oJx93C2mc6",85
85,-0.2755,Thu Oct 25 14:35:10 +0000 2018,0.19,0.81,0.0,BBC,"Don't like plastic straws? 
üëçüçù Here's a genius alternative... 
#WorldPastaDay https://t.co/79fOaOmak3",86
86,0.0,Thu Oct 25 12:56:05 +0000 2018,0.0,1.0,0.0,BBC,Two unborn babies have had their spines repaired by surgeons - weeks before they were born - in a UK surgery first.‚Ä¶ https://t.co/DicKzhXbBr,87
87,-0.6124,Thu Oct 25 12:32:10 +0000 2018,0.2,0.8,0.0,BBC,RT @BBCSport: .@MarkOrmrod became the UK's first triple amputee from the conflict when he was injured in Afghanistan on Christmas Eve 2007.‚Ä¶,88
88,0.0,Thu Oct 25 12:03:00 +0000 2018,0.0,1.0,0.0,BBC,"üëèü•õ These savvy students redesigned their school's milk cartons without plastic straws. 
#PlasticsAction https://t.co/eS89ynRUbI",89
89,0.743,Thu Oct 25 11:00:18 +0000 2018,0.0,0.656,0.344,BBC,"How a daily 10-minute exercise could boost your happiness.
üëâ https://t.co/lq43mnEGdh https://t.co/YTjD7tMvEK",90
90,0.0,Thu Oct 25 08:01:01 +0000 2018,0.0,1.0,0.0,BBC,‚òÑ How Japan's space agency put a rover on an asteroid! https://t.co/wcMHNnzSo7,91
91,0.4939,Thu Oct 25 07:05:08 +0000 2018,0.0,0.856,0.144,BBC,"Dogs were part of a key moment in human history - when our ancestors began trying their hand at farming.
üëâ‚Ä¶ https://t.co/kuOm6vYZgz",92
92,0.7096,Thu Oct 25 06:12:06 +0000 2018,0.0,0.688,0.312,BBC,"‚öΩÔ∏è Teenager Ajibade Rasheedat is one of the best female freestyle footballers in Nigeria. 
 https://t.co/6PGCbngSoJ",93
93,0.0,Wed Oct 24 18:08:05 +0000 2018,0.0,1.0,0.0,BBC,"üêõüò± Four mind-blowing ways caterpillars survive winter...  
#Autumnwatch https://t.co/ZSS3PfyRk6",94
94,0.0,Wed Oct 24 17:09:01 +0000 2018,0.0,1.0,0.0,BBC,"Nasa has released a striking photo of a rectangular iceberg floating in the Weddell Sea off Antarctica.
üëâ‚Ä¶ https://t.co/RN9mOO20Oz",95
95,-0.296,Wed Oct 24 16:05:03 +0000 2018,0.216,0.784,0.0,BBC,üìö This is the library with no rules. https://t.co/TLWJHUF71j,96
96,-0.5574,Wed Oct 24 14:37:31 +0000 2018,0.159,0.841,0.0,BBC,The European Parliament has voted for a complete ban on a range of single-use plastics across the union in a bid to‚Ä¶ https://t.co/gPRzeoG5NS,97
97,-0.8074,Wed Oct 24 13:04:05 +0000 2018,0.341,0.659,0.0,BBC,"FOMOMG = Fear Of Missing Out [on] My Goals

Does the pressure of achieving your life goals fill you with anxiety?
üëâ‚Ä¶ https://t.co/kq7gLl4jJS",98
98,0.3802,Wed Oct 24 12:17:24 +0000 2018,0.067,0.799,0.134,BBC,RT @BBCBodyPositive: That‚Äôs a wrap on our first Insta #AskMeAnything üéâ! Big thanks to @MunroeBergdorf for stopping by to answer your questi‚Ä¶,99
99,0.0,Wed Oct 24 12:04:00 +0000 2018,0.0,1.0,0.0,BBC,"These incredible Army veterans have completed a gruelling 1000-mile expedition across Australia.

They‚Äôve been reun‚Ä¶ https://t.co/pDFwDiX9P4",100
100,-0.1531,Wed Oct 31 00:29:02 +0000 2018,0.15,0.728,0.121,CBS,"So goodbye, everybody, and remember the terrible lesson you learned tonight. That grinning, glowing, globular invad‚Ä¶ https://t.co/ZZIuNWG6M0",1
101,0.0,Wed Oct 31 00:25:15 +0000 2018,0.0,1.0,0.0,CBS,This is the end now.,2
102,-0.0688,Wed Oct 31 00:23:18 +0000 2018,0.145,0.723,0.133,CBS,TRAFFIC ALERT: Alien invaders enter #Manhattan. Arteries out of the city are hopelessly jammed resulting in residen‚Ä¶ https://t.co/PgDXU6b1jg,3
103,0.1779,Wed Oct 31 00:20:12 +0000 2018,0.08,0.804,0.116,CBS,#NJUFO UPDATE: Secretary of Interior urges citizens to remain calm. Alien objectives appear to be: crush resistance‚Ä¶ https://t.co/izGHtGMxOv,4
104,-0.5267,Wed Oct 31 00:17:29 +0000 2018,0.216,0.784,0.0,CBS,"#NJUFO alien opens fire with ‚Äúheat ray‚Äù on #GroversMill #NewJersey farm, cars, and onlookers. Casualties unclear. N‚Ä¶ https://t.co/p6dgNopl9W",5
105,0.3612,Wed Oct 31 00:15:18 +0000 2018,0.0,0.865,0.135,CBS,"UPDATE: #NJUFO opens and ‚Äúgray snake with tentacles‚Äù emerges, ‚Äúlarge as a bear‚Äù and ‚Äúglistening like wet leather.‚Äù",6
106,0.3182,Wed Oct 31 00:13:22 +0000 2018,0.0,0.874,0.126,CBS,"UPDATE: Huge metallic cylinder, formerly thought to be meteorite, plummets from space onto #NewJersey farm resultin‚Ä¶ https://t.co/qEl23BeCVJ",7
107,0.0,Wed Oct 31 00:11:28 +0000 2018,0.0,1.0,0.0,CBS,"‚ÄúHuge, flaming object‚Äù believed to be a meteorite, falls on farm in the neighborhood of #GroversMill, #NewJersey, 2‚Ä¶ https://t.co/RnTfnI5PIW",8
108,0.0,Wed Oct 31 00:09:05 +0000 2018,0.0,1.0,0.0,CBS,SCIENCE NEWS: Scientists at McGill University report observing a total of three explosions on the planet #Mars over the past two hours.,9
109,-0.3818,Wed Oct 31 00:06:38 +0000 2018,0.148,0.852,0.0,CBS,"Seismograph registers shock of almost #earthquake intensity occurring within a radius of twenty miles of #Princeton, #NewJersey.",10
110,0.0,Wed Oct 31 00:02:48 +0000 2018,0.0,1.0,0.0,CBS,Explosions of incandescent gas occurring at regular intervals on #Mars. Spectroscope indicates the gas to be hydrog‚Ä¶ https://t.co/T3sWoFWYFE,11
111,0.4939,Wed Oct 31 00:01:37 +0000 2018,0.0,0.849,0.151,CBS,"Today, it would have been live-tweeted, so Ladies and Gentlemen, in honor of the #WarOfTheWorlds anniversary, we in‚Ä¶ https://t.co/QZ3726DaPk",12
112,-0.3818,Wed Oct 31 00:00:06 +0000 2018,0.143,0.772,0.085,CBS,"At 8pm Eastern Time on October 30, 1938, 80 years ago tonight, an original dramatization of The War of the Worlds b‚Ä¶ https://t.co/BBC3IIcwz9",13
113,0.34,Tue Oct 30 23:50:00 +0000 2018,0.0,0.806,0.194,CBS,Get excited. CBS Tuesday night shows are about to begin. https://t.co/o15YLjdJGw,14
114,0.0,Tue Oct 30 20:02:57 +0000 2018,0.0,1.0,0.0,CBS,"RT @MadamSecretary: While what you see on #MadamSecretary is fiction, what happens in our government is not. Election day is in just 1 week‚Ä¶",15
115,0.4404,Tue Oct 30 18:28:51 +0000 2018,0.0,0.861,0.139,CBS,"Last night, @GayleKing was inducted into the Broadcast and Cable Hall of Fame, joining such distinguished past hono‚Ä¶ https://t.co/T1edMt91Tv",16
116,0.4019,Tue Oct 30 00:00:00 +0000 2018,0.0,0.748,0.252,CBS,It's CBS Monday night. The party starts now. https://t.co/8qZ8PoNLGg,17
117,0.7717,Mon Oct 29 23:48:12 +0000 2018,0.057,0.716,0.227,CBS,RT @NiallOfficial: This is brilliant üòÇ . The boyos @benwinston and @Harry_Styles have a new episode of their show and it‚Äôs on CBS at 8:30pm‚Ä¶,18
118,-0.6486,Mon Oct 29 19:45:33 +0000 2018,0.31,0.69,0.0,CBS,"RT @YandR_CBS: Genoa City will miss Ashley Abbott, and we will miss @eileen_davidson. üò¢ #YR https://t.co/Ckl6naAPD2",19
119,0.1867,Mon Oct 29 17:40:25 +0000 2018,0.0,0.902,0.098,CBS,RT @etnow: .@TheNeighborhood's @iamgreenfield and @BethBehrs will be with us LIVE soon! Don't miss it: https://t.co/q5g6PNhb9G https://t.co‚Ä¶,20
120,0.8016,Mon Oct 29 17:14:07 +0000 2018,0.0,0.754,0.246,CBS,"RT @colbertlateshow: We love making this show for you, it's a party every night! Here are some of the moments you don't usually see, featur‚Ä¶",21
121,-0.2263,Sun Oct 28 23:19:02 +0000 2018,0.087,0.913,0.0,CBS,"Due to #NFL football game overrun #CBS Sunday lineup is delayed in these select markets: IN, Louisville, KY, MI, Ci‚Ä¶ https://t.co/P1aMG6qILv",22
122,0.0,Sun Oct 28 15:09:13 +0000 2018,0.0,1.0,0.0,CBS,RT @CBSAllAccess: Sundays were made for NFL on CBS. üèàüíØ Stream NFL on CBS All Access live today: https://t.co/vsod8jYeZl https://t.co/44QxjR‚Ä¶,23
123,0.3612,Sat Oct 27 00:00:01 +0000 2018,0.0,0.737,0.263,CBS,Smile. CBS Friday night shows start NOW. https://t.co/nWA4zKI3DV,24
124,0.6408,Fri Oct 26 23:57:04 +0000 2018,0.0,0.754,0.246,CBS,"DVR ALERT for following regions: Indiana; Michigan; Louisville, KY; Cincinnati, OH; &amp; Tampa, FL. Please note *possi‚Ä¶ https://t.co/DZxeR8ZgTQ",25
125,0.5267,Fri Oct 26 23:00:00 +0000 2018,0.0,0.761,0.239,CBS,Get into the Halloween spirit by watching the spooktacular #MichaelJacksonHalloween special. Settle in for a thrill‚Ä¶ https://t.co/wJypwKRw9x,26
126,0.0,Fri Oct 26 16:52:53 +0000 2018,0.0,1.0,0.0,CBS,"RT @CBSAllAccess: Adam Scott has officially entered the fifth dimension! üåÄ @mradamscott will star in ""Nightmare at 30,000 Feet"" in the reim‚Ä¶",27
127,0.5106,Fri Oct 26 00:49:41 +0000 2018,0.0,0.853,0.147,CBS,RT @NCIS_CBS: Get ready to test your #NCIS know-how. You know how important it is to follow Gibbs' rules. We're going to give you part of a‚Ä¶,28
128,0.0,Fri Oct 26 00:00:00 +0000 2018,0.0,1.0,0.0,CBS,CBS Thursday night shows start NOW. Quack. ü¶Ü https://t.co/C4BCCreG7L,29
129,0.8832,Thu Oct 25 16:57:22 +0000 2018,0.0,0.609,0.391,CBS,"RT @CBSAllAccess: There is a new series joining the #StarTrek family!

From Emmy Award winner @MikeMcMahanTM, #CBSAllAccess welcomes its fi‚Ä¶",30
130,0.5719,Thu Oct 25 00:00:01 +0000 2018,0.0,0.654,0.346,CBS,Celebrate. CBS Wednesday night shows start NOW. https://t.co/5o4IUzXuYd,31
131,0.7227,Wed Oct 24 20:12:06 +0000 2018,0.0,0.758,0.242,CBS,"@jayharrington3 @swatcbs Three hour tours have resulted positively for all but one CBS show, so your odds are good. üòâ",32
132,0.34,Wed Oct 24 20:05:35 +0000 2018,0.0,0.862,0.138,CBS,.@ScottBakula and the cast of #NCISNOLA are full of Pride over their 100 episode milestone. https://t.co/zlceV7tXTb,33
133,-0.5574,Wed Oct 24 19:40:11 +0000 2018,0.265,0.735,0.0,CBS,@GordonRamsay We'll have our water chefs fired right away. üòâ,34
134,0.0,Wed Oct 24 00:00:01 +0000 2018,0.0,1.0,0.0,CBS,CBS Tuesday night shows start NOW. https://t.co/Vfkl64Whj4,35
135,0.6908,Tue Oct 23 23:13:05 +0000 2018,0.0,0.695,0.305,CBS,Congratulations to @NCISNewOrleans on their 100th Episode tonight and always asking the important questions.‚Ä¶ https://t.co/Fb4bQTJvUx,36
136,0.0,Tue Oct 23 20:32:44 +0000 2018,0.0,1.0,0.0,CBS,"RT @CBSAllAccess: ""If we were writing those fairy tales in today's society, what would be the message?"" -@KevWilliamson The #TellMeAStory c‚Ä¶",37
137,0.0,Tue Oct 23 14:06:37 +0000 2018,0.0,1.0,0.0,CBS,Airdates have been announced for the 2020 and 2021 #GRAMMYs. Take a peek at all the key dates here:‚Ä¶ https://t.co/3zJ9NyrQdl,38
138,0.0,Tue Oct 23 00:00:00 +0000 2018,0.0,1.0,0.0,CBS,CBS Monday night shows start NOW. https://t.co/a7D6T6zUGV,39
139,0.0,Mon Oct 22 17:54:35 +0000 2018,0.0,1.0,0.0,CBS,".@DevinGoda, come on down! You're the next model on The @PriceIsRight. https://t.co/YSt5BhBxL9",40
140,-0.2263,Sun Oct 21 23:44:42 +0000 2018,0.095,0.905,0.0,CBS,"Due to #NFL football overrun #CBS Sunday schedule delayed tonight for East/Central time zone viewers ONLY.
New star‚Ä¶ https://t.co/BprW5fm6Kz",41
141,0.0,Sun Oct 21 14:00:01 +0000 2018,0.0,1.0,0.0,CBS,Make your Sunday a touchdown with @NFL on CBS. Catch your local games live on CBS and @CBSAllAccess. üèàüì∫‚Ä¶ https://t.co/Pnx8rR97CF,42
142,0.8858,Sun Oct 21 06:00:00 +0000 2018,0.0,0.591,0.409,CBS,Michael Jackson's greatest hits and characters voiced by your favorite CBS stars! What could be better? Watch‚Ä¶ https://t.co/mzatyDRlvX,43
143,0.3818,Sun Oct 21 03:00:00 +0000 2018,0.0,0.795,0.205,CBS,"Hey West Coast, a magical adventure of personal discovery awaits you... #MichaelJacksonHalloween starts now on CBS‚Ä¶ https://t.co/XhLTKWgPXi",44
144,0.7901,Sun Oct 21 01:00:00 +0000 2018,0.0,0.5,0.5,CBS,#MichaelJacksonHalloween looks like the best kind of Halloween! https://t.co/h3vMJnuksE,45
145,-0.4767,Sun Oct 21 00:52:36 +0000 2018,0.307,0.693,0.0,CBS,RT @gerraldinha: I looooove it üò≠  #MichaelJacksonHalloween,46
146,0.4215,Sun Oct 21 00:30:00 +0000 2018,0.0,0.682,0.318,CBS,Those are some powerful moves. #MichaelJacksonHalloween https://t.co/33aJzHrbMB,47
147,0.8122,Sun Oct 21 00:23:17 +0000 2018,0.0,0.619,0.381,CBS,RT @SharonLovesMacG: Watching #MichaelJacksonHalloween @lucastill @GeorgeEadsTV .. I Love this cartoon.. Soo Good! üéÉüéÉ https://t.co/Hgk5jTVE‚Ä¶,48
148,0.0,Sun Oct 21 00:00:00 +0000 2018,0.0,1.0,0.0,CBS,Time to march to the TV! #MichaelJacksonHalloween starts now on CBS and @cbsallaccess: https://t.co/izyMSOHp7l https://t.co/ZFIoRV0Rag,49
149,0.2714,Sat Oct 20 16:00:00 +0000 2018,0.0,0.795,0.205,CBS,"It‚Äôs almost time for ""a thriller, thriller night!"" Here's how to watch #MichaelJacksonHalloween:‚Ä¶ https://t.co/GTzLrjCHEf",50
150,0.4466,Fri Oct 19 23:00:35 +0000 2018,0.094,0.693,0.213,CBS,"DVR ALERT for Viewers in EAST/CENTRAL Time Zones, please note *possible* football delay for CBS shows on Sunday eve‚Ä¶ https://t.co/6lTXMVb9Cd",51
151,0.0,Fri Oct 19 22:01:22 +0000 2018,0.0,1.0,0.0,CBS,"BREAKING: CBS has given full-season orders to @GodFriendedMe, @MagnumPICBS and @TheNeighborhood for the 2018-2019 b‚Ä¶ https://t.co/919bxqm673",52
152,0.6369,Fri Oct 19 21:00:01 +0000 2018,0.0,0.819,0.181,CBS,"You know and love him as Sheldon on the @bigbangtheory and this weekend, Jim Parsons is Hay Man on‚Ä¶ https://t.co/nQCCmOy4pf",53
153,0.4574,Fri Oct 19 18:00:02 +0000 2018,0.0,0.786,0.214,CBS,Take a peek into #MichaelJacksonHalloween before the special airs tomorrow at 8/7c! https://t.co/8v9He4sZUB,54
154,0.5994,Thu Oct 18 23:54:23 +0000 2018,0.0,0.692,0.308,CBS,RT @AmazingRaceCBS: Host of #AmazingRace @PhilKeoghan has a special #SpiritDay message to share. https://t.co/wsYGRtMZQg,55
155,-0.126,Thu Oct 18 23:51:35 +0000 2018,0.086,0.785,0.129,CBS,"RT @SEALTeamCBS: It‚Äôs okay to be who you are, no matter your background, race, religion, sexual orientation or gender identity! The cast of‚Ä¶",56
156,-0.4019,Thu Oct 18 23:46:50 +0000 2018,0.204,0.681,0.115,CBS,RT @NCISLA: Join #NCISLA star @reneefsmith and stand against bullying for #SpiritDay. üíú https://t.co/RSQ1lrDW3p,57
157,-0.126,Thu Oct 18 23:41:02 +0000 2018,0.086,0.785,0.129,CBS,"RT @GodFriendedMe: It‚Äôs okay to be who you are, no matter your background, race, religion, sexual orientation or gender identity! We, the c‚Ä¶",58
158,-0.126,Thu Oct 18 23:27:03 +0000 2018,0.09,0.776,0.134,CBS,"RT @LifeInPiecesCBS: It‚Äôs okay to be who you are, no matter your background, race, religion, sexual orientation or gender identity! The cas‚Ä¶",59
159,-0.126,Thu Oct 18 22:56:59 +0000 2018,0.094,0.766,0.14,CBS,"RT @NCIS_CBS: It‚Äôs okay to be who you are, no matter your background, race, religion, sexual orientation or gender identity! @BrianDietzen‚Ä¶",60
160,-0.126,Thu Oct 18 22:46:18 +0000 2018,0.083,0.793,0.124,CBS,"RT @FBICBS: It‚Äôs okay to be who you are, no matter your background, race, religion, sexual orientation or gender identity! The cast of #FBI‚Ä¶",61
161,-0.126,Thu Oct 18 22:26:39 +0000 2018,0.086,0.785,0.129,CBS,"RT @ManWithAPlan: It‚Äôs okay to be who you are, no matter your background, race, religion, sexual orientation or gender identity! We, the ca‚Ä¶",62
162,-0.126,Thu Oct 18 22:10:28 +0000 2018,0.09,0.776,0.134,CBS,"RT @TheNeighborhood: It‚Äôs okay to be who you are, no matter your background, race, religion, sexual orientation or gender identity! We, the‚Ä¶",63
163,0.1027,Thu Oct 18 21:47:07 +0000 2018,0.161,0.62,0.219,CBS,RT @colbertlateshow: We are proud to join @glaad for #SpiritDay to take a stand against bullying. #LSSC üíúüíúüíú https://t.co/BItV0My3sV,64
164,-0.126,Thu Oct 18 21:35:45 +0000 2018,0.09,0.776,0.134,CBS,"RT @instinctcbs: It‚Äôs okay to be who you are, no matter your background, race, religion, sexual orientation or gender identity! #Instinct p‚Ä¶",65
165,-0.126,Thu Oct 18 20:57:54 +0000 2018,0.09,0.776,0.134,CBS,"RT @MadamSecretary: It‚Äôs okay to be who you are, no matter your background, race, religion, sexual orientation or gender identity! The cast‚Ä¶",66
166,-0.126,Thu Oct 18 20:36:31 +0000 2018,0.09,0.776,0.134,CBS,"RT @MurphyBrownCBS: It‚Äôs okay to be who you are, no matter your background, race, religion, sexual orientation or gender identity! The cast‚Ä¶",67
167,0.6114,Thu Oct 18 19:58:51 +0000 2018,0.0,0.818,0.182,CBS,RT @letsmakeadeal: The #LMAD cast is rocking purple for #SpiritDay! Celebrate with them by replying with some üíúüíúüíú. https://t.co/kkSNlJDs9z,68
168,0.8442,Thu Oct 18 19:49:07 +0000 2018,0.0,0.569,0.431,CBS,@LisaHendey @garthbrooks @NotreDame You've got friends in Notre Dame places. üòä,69
169,0.7845,Thu Oct 18 19:45:41 +0000 2018,0.0,0.706,0.294,CBS,RT @TheTalkCBS: We‚Äôre all wearing purple today in support of @glaad's 9th annual #SpiritDay. Share your favorite purple emojis below and sh‚Ä¶,70
170,0.6114,Thu Oct 18 19:34:06 +0000 2018,0.0,0.826,0.174,CBS,"RT @YandR_CBS: It‚Äôs #SpiritDay, and we‚Äôre going purple at #YR to celebrate! @camryngrimes and @caitfairbanks are taking over our Instagram‚Ä¶",71
171,0.2263,Thu Oct 18 19:00:45 +0000 2018,0.136,0.662,0.202,CBS,"RT @PriceIsRight: Today is @GLAAD #SpiritDay üåàWe're proud to wear purple, take a stand against bullying, and show our support for the LGBTQ‚Ä¶",72
172,-0.126,Thu Oct 18 18:29:28 +0000 2018,0.083,0.793,0.124,CBS,"RT @MomCBS: It‚Äôs okay to be who you are, no matter your background, race, religion, sexual orientation or gender identity! We, the cast of‚Ä¶",73
173,0.0,Thu Oct 18 17:30:00 +0000 2018,0.0,1.0,0.0,CBS,"Star of @thegoodfight, Christine Baranski, steps into a new role this Saturday during #MichaelJacksonHalloween! https://t.co/DEaBy8wTlX",74
174,0.4215,Thu Oct 18 16:42:45 +0000 2018,0.0,0.899,0.101,CBS,"@laralee24 If the Tonys have taught us anything, set it to music and it will be a lot easier to remember (and we'll remind you). üòâ",75
175,-0.1531,Thu Oct 18 15:07:21 +0000 2018,0.074,0.926,0.0,CBS,Don‚Äôt miss Broadway's Biggest Night. The 73rd Annual #TonyAwards will return to Radio City Music Hall in NYC on Sun‚Ä¶ https://t.co/sdIzCrzf9U,76
176,0.4843,Wed Oct 17 22:42:28 +0000 2018,0.0,0.784,0.216,CBS,"Don't miss @Elementary_CBS star @LucyLiu as ""Conformity"" in the animated CBS special Michael Jackson's Halloween th‚Ä¶ https://t.co/uBkeeTt45K",77
177,0.0,Wed Oct 17 18:00:01 +0000 2018,0.0,1.0,0.0,CBS,"Did you know @Alancumming, @KierseyClemons, and @lucastill voices will be part of #MJHalloween? Find out which othe‚Ä¶ https://t.co/FJzSM6AgGT",78
178,0.4019,Wed Oct 17 14:45:37 +0000 2018,0.0,0.886,0.114,CBS,"This just in: Country superstar @garthbrooks is set to premiere his new TV special ""Garth: Live At Notre Dame"" on S‚Ä¶ https://t.co/fh37csbIxw",79
179,0.636,Wed Oct 17 13:08:31 +0000 2018,0.0,0.811,0.189,CBS,RT @WorldsBestCBS: Mark your calendars! The #WorldsBest is premiering right after the Super Bowl on February 3: https://t.co/mOcLpFURB9 üèàüèÜ‚Ä¶,80
180,0.6114,Tue Oct 16 21:49:16 +0000 2018,0.0,0.846,0.154,CBS,"RT @NCIS_CBS: When it's #NationalBossDay AND #NCIS day, there's just one thing to do... Celebrate Gibbs! What do you think makes Gibbs a gr‚Ä¶",81
181,0.4588,Mon Oct 15 19:40:07 +0000 2018,0.0,0.85,0.15,CBS,"Sixty-seven years ago, legendary CBS sitcom #ILoveLucy premiered on this day in #CBStory. What's your favorite epis‚Ä¶ https://t.co/iOgv99L21F",82
182,0.0,Mon Oct 15 17:41:20 +0000 2018,0.0,1.0,0.0,CBS,RT @MagnumPICBS: Woof woof woof! (Translation: #MagnumPI is new tonight at 9/8c!) https://t.co/hBkiJUVZD3,83
183,0.5562,Sun Oct 14 23:29:25 +0000 2018,0.0,0.796,0.204,CBS,"Hooray! #CBS Sunday schedule starting on time. All new episodes: 
#60Minutes 7:30pmET/7pmPT 
#GodFriendedMe 8:30pmE‚Ä¶ https://t.co/XJQ40QeUS8",84
184,0.0,Sun Oct 14 20:00:00 +0000 2018,0.0,1.0,0.0,CBS,"Dust off your dancing shoes! Michael Jackson‚Äôs Halloween airs Saturday, Oct. 20 at 8/7c on CBS. https://t.co/o0PoEUj1Xn",85
185,0.0,Sun Oct 14 15:22:32 +0000 2018,0.0,1.0,0.0,CBS,RT @CBSAllAccess: Sundays were made for NFL on CBS. üèà https://t.co/vsod8jYeZl https://t.co/OtJL7e94BA,86
186,0.4466,Sat Oct 13 03:09:33 +0000 2018,0.094,0.693,0.213,CBS,"DVR ALERT for Viewers in EAST/CENTRAL Time Zones, please note *possible* football delay for CBS shows on Sunday eve‚Ä¶ https://t.co/VB9W5WaUqL",87
187,0.7579,Fri Oct 12 17:59:00 +0000 2018,0.0,0.735,0.265,CBS,This bonus spin was just a part of what made #PriceIsRight's Big Money Week enormous. What was your favorite moment? https://t.co/mhU50K8dJd,88
188,0.5093,Thu Oct 11 18:05:06 +0000 2018,0.0,0.845,0.155,CBS,"RT @CBSAllAccess: Welcome to #TheTwilightZone, @justsanaa! The new series is coming to CBS All Access in 2019. üåÄ https://t.co/NdB7Vf4vdb",89
189,0.4939,Wed Oct 10 20:31:12 +0000 2018,0.0,0.802,0.198,CBS,"Ready to get into the Halloween spirit? An encore presentation of Michael Jackson‚Äôs Halloween will air Saturday, Oc‚Ä¶ https://t.co/sgLdtV4SaR",90
190,-0.34,Tue Oct 09 19:23:28 +0000 2018,0.107,0.893,0.0,CBS,"@ira We may have accidentally offered the job already to Catherine Deneuve, thinking we were talking to you on the‚Ä¶ https://t.co/4BgA5HgSeB",91
191,0.4215,Mon Oct 08 23:48:50 +0000 2018,0.0,0.763,0.237,CBS,RT @MadamSecretary: #ICYMI: A powerful moment from last night. #MadamSecretary https://t.co/MgQ11RlFmR,92
192,0.6696,Mon Oct 08 16:37:00 +0000 2018,0.0,0.817,0.183,CBS,"RT @WorldsBestCBS: It‚Äôs the world‚Äôs best news! @JKCorden will host, and @DrewBarrymore, @RuPaul and @FaithHill will serve as judges of the‚Ä¶",93
193,0.3612,Sun Oct 07 14:00:01 +0000 2018,0.0,0.902,0.098,CBS,All the action on the gridiron from the comfort of your couch. Watch NFL on CBS LIVE today starting at 1pm ET. üèà‚Ä¶ https://t.co/WiXBm46gNV,94
194,0.0772,Sat Oct 06 21:33:36 +0000 2018,0.0,0.936,0.064,CBS,"RT @CBSAllAccess: Take a first look at Spock, Number One, and Section 31‚Äôs newest recruit. #StarTrekDiscovery returns January 17, 2019. htt‚Ä¶",95
195,0.5423,Fri Oct 05 23:30:00 +0000 2018,0.0,0.8,0.2,CBS,"Viewers in Atlanta, Charlotte, Pittsburgh, and most of Michigan and Wisconsin, please take note of the DVR alert be‚Ä¶ https://t.co/fradnBOvdk",96
196,-0.3612,Fri Oct 05 20:10:09 +0000 2018,0.179,0.821,0.0,CBS,"RT @MadamSecretary: Worlds collide when former Secretaries of State @HillaryClinton, @madeleine, and Colin Powell stop by #MadamSecretary f‚Ä¶",97
197,0.0,Fri Oct 05 19:23:53 +0000 2018,0.0,1.0,0.0,CBS,".@TheNeighborhood's @BethBehrs and @latelateshow may have come up with a new hit show called ""Naked Rabbi.""‚Ä¶ https://t.co/KLsSlzgC0f",98
198,-0.6808,Fri Oct 05 17:42:12 +0000 2018,0.189,0.811,0.0,CBS,"RT @FBICBS: When a killer's victim survives to tell the tale, it's up to the team to catch him before he kills again. 

The first SEVEN MIN‚Ä¶",99
199,0.5023,Fri Oct 05 16:45:23 +0000 2018,0.0,0.787,0.213,CBS,But you know the CBS Fall TV that makes YOU smile. #WorldSmileDay https://t.co/JVOh5TlK0D,100
200,0.1969,Wed Oct 31 00:51:03 +0000 2018,0.058,0.848,0.094,CNN,"Reese's created a ""candy converter"" machine that allows people to trade in the candy they don't want for Reese's Pe‚Ä¶ https://t.co/Ch3SN7n72C",1
201,0.0258,Wed Oct 31 00:49:53 +0000 2018,0.094,0.809,0.098,CNN,"RT @OutFrontCNN: ""There were no elected officials, Democrats or Republican, on the tarmac, to greet them."" - Jake Tapper notes that Preside‚Ä¶",2
202,-0.7269,Wed Oct 31 00:44:40 +0000 2018,0.217,0.783,0.0,CNN,"RT @AC360: ""The sadness and grief is soon going to turn into a call for action of some sort,"" Pittsburgh City Council Member Erika Strassbu‚Ä¶",3
203,0.0,Wed Oct 31 00:44:12 +0000 2018,0.0,1.0,0.0,CNN,"Three tiny moon rocks, collected by a Soviet space mission in 1970, are expected to sell for up to $1 million when‚Ä¶ https://t.co/8zFaMEgi4s",4
204,0.128,Wed Oct 31 00:41:03 +0000 2018,0.0,0.923,0.077,CNN,A procession of legal experts and law students urged judicial leaders to bring more transparency to their system fo‚Ä¶ https://t.co/4SzNurzLRg,5
205,0.0,Wed Oct 31 00:37:35 +0000 2018,0.0,1.0,0.0,CNN,"""My eyes are now wide open"": Kanye West said on Twitter that he plans on ""distancing"" himself from politics, allegi‚Ä¶ https://t.co/6sPByJOuET",6
206,0.4939,Wed Oct 31 00:31:04 +0000 2018,0.0,0.814,0.186,CNN,"A whopping 5,655-carat emerald as big as your hand has been found in Zambia https://t.co/Cde2s2X8Cb https://t.co/gW8yuarrn9",7
207,-0.723,Wed Oct 31 00:23:50 +0000 2018,0.308,0.602,0.091,CNN,"Lawyer: Court can't ""ignore the circumstances of one of the most rhetorically mold-breaking, violent, awful, hatefu‚Ä¶ https://t.co/jacPwE1Exu",8
208,-0.0498,Wed Oct 31 00:21:00 +0000 2018,0.125,0.759,0.116,CNN,"""It‚Äôs been very difficult to watch the last couple years,"" says comedian Dave Chappelle, relecting on Trump's presi‚Ä¶ https://t.co/Fvpd6nyytz",9
209,0.836,Wed Oct 31 00:17:13 +0000 2018,0.0,0.669,0.331,CNN,"RT @AC360: ""They were kind. They were thoughtful. They were gentle giants... They were nonjudgemental and they were very innocent.""

A comm‚Ä¶",10
210,0.0,Wed Oct 31 00:16:59 +0000 2018,0.0,1.0,0.0,CNN,"RT @CNNnewsroom: ‚ÄúDo I feel it meets muster? Absolutely not. This is again, a political ping pong that‚Äôs going to be bantered about in the‚Ä¶",11
211,0.0,Wed Oct 31 00:16:19 +0000 2018,0.0,1.0,0.0,CNN,Apple unveils new products in its second event in two months https://t.co/7JnHJNscrZ https://t.co/LVtWKtmt84,12
212,0.0,Wed Oct 31 00:16:08 +0000 2018,0.0,1.0,0.0,CNN,"Neanderthals may not have sported the hunched posture seen in museums and textbooks, a new study finds.

The first‚Ä¶ https://t.co/SnMS8glaIL",13
213,0.0,Wed Oct 31 00:11:03 +0000 2018,0.0,1.0,0.0,CNN,Kenya Airways has made a historic 15-hour flight from Nairobi's Jomo Kenyatta International Airport to New York‚Ä¶ https://t.co/cNBMbmX2Hz,14
214,-0.3818,Wed Oct 31 00:07:07 +0000 2018,0.12,0.88,0.0,CNN,"Pharrell Williams threatens to sue President Trump over the use of the song ""Happy"" at a rally after the Pittsburgh‚Ä¶ https://t.co/EfjRLFk6p7",15
215,-0.6908,Wed Oct 31 00:03:06 +0000 2018,0.198,0.802,0.0,CNN,A man hatched a plot with two others to kill Somali refugees by blowing up an apartment complex that contained a mo‚Ä¶ https://t.co/TJvcwTBOpp,16
216,0.5106,Wed Oct 31 00:01:07 +0000 2018,0.0,0.765,0.235,CNN,"Idaho Gov. Butch Otter, a Republican, has endorsed a grass-roots effort to expand Medicaid in his state‚Ä¶ https://t.co/dvgEveElhT",17
217,-0.4767,Wed Oct 31 00:01:00 +0000 2018,0.134,0.866,0.0,CNN,NASA's Parker Solar Probe has broken the world record for the closest approach to the sun ever achieved by a man-ma‚Ä¶ https://t.co/uYS0kKkT2l,18
218,-0.4939,Tue Oct 30 23:56:44 +0000 2018,0.208,0.792,0.0,CNN,"Gab, a site used by the accused Pittsburgh synagogue shooter that has become a haven for white supremacists, defend‚Ä¶ https://t.co/tHl6v9Kzzy",19
219,0.2023,Tue Oct 30 23:51:09 +0000 2018,0.111,0.741,0.148,CNN,"Claire McCaskill slams ""crazy Democrats"" -- and her GOP opponent -- to save her Senate seat https://t.co/QRPHjlug91 https://t.co/OxSv2sMawJ",20
220,0.4939,Tue Oct 30 23:50:49 +0000 2018,0.0,0.868,0.132,CNN,RT @OutFrontCNN: ‚ÄúThis is a pretty politically volatile time...coming now when emotions are so raw‚Ä¶ could really turn out to be something d‚Ä¶,21
221,0.1531,Tue Oct 30 23:50:26 +0000 2018,0.1,0.773,0.127,CNN,"RT @OutFrontCNN: Fmr. Sen. Rick Santorum says Pennsylvania politicians ""missed an opportunity"" by not meeting w the President in Pittsburgh‚Ä¶",22
222,0.0,Tue Oct 30 23:41:03 +0000 2018,0.0,1.0,0.0,CNN,Gender inequality is linked to more deaths than expected among girls under the age of 5 compared with boys of the s‚Ä¶ https://t.co/ryxJ8D2vSq,23
223,0.6124,Tue Oct 30 23:37:22 +0000 2018,0.0,0.818,0.182,CNN,A CNN KFile analysis of thousands of tweets sent from the bomb suspect's accounts found that the 56-year-old shared‚Ä¶ https://t.co/bY6dvVWDYE,24
224,0.0,Tue Oct 30 23:31:02 +0000 2018,0.0,1.0,0.0,CNN,"Naomi Watts has been cast in the ""Game of Thrones"" prequel pilot https://t.co/TDnCUUSvZZ https://t.co/rvLx8E2bYW",25
225,-0.6908,Tue Oct 30 23:30:16 +0000 2018,0.37,0.63,0.0,CNN,The radicalization of an alleged domestic terrorist https://t.co/R5pSbDGyLk https://t.co/n1XRCWbPl6,26
226,0.3818,Tue Oct 30 23:21:02 +0000 2018,0.0,0.867,0.133,CNN,Trump fills the final days approaching the midterms with false promises and divisive rhetoric | Analysis by CNN's‚Ä¶ https://t.co/16KvIVSpSo,27
227,-0.2617,Tue Oct 30 23:19:44 +0000 2018,0.111,0.821,0.068,CNN,"RT @CNNSitRoom: .@RyanLizza says that it‚Äôs not that the President ""doesn‚Äôt have the ability"" to console the nation after a tragedy, but tha‚Ä¶",28
228,-0.3158,Tue Oct 30 23:19:33 +0000 2018,0.094,0.906,0.0,CNN,"RT @CNNSitRoom: ‚ÄúThere is so much pain on display there in Pittsburgh, but the President appears to be on a political mission everywhere el‚Ä¶",29
229,-0.5106,Tue Oct 30 23:19:07 +0000 2018,0.163,0.837,0.0,CNN,"Pittsburgh Councilman Corey O'Connor on President Trump's visit: ""Today, we were grieving, we're going to be grievi‚Ä¶ https://t.co/XrZMd2a9TQ",30
230,-0.3182,Tue Oct 30 23:17:47 +0000 2018,0.136,0.864,0.0,CNN,"As Trump paid a solemn visit to the Tree of Life Synagogue in Pittsburgh, shouts of protest could be heard in the d‚Ä¶ https://t.co/piiGJZdaQw",31
231,0.8126,Tue Oct 30 23:14:48 +0000 2018,0.0,0.739,0.261,CNN,"RT @CNNSitRoom: ‚ÄúThe strength of this community, the diversity of this community has really shown in an outpouring of love from across the‚Ä¶",32
232,0.0,Tue Oct 30 23:11:03 +0000 2018,0.0,1.0,0.0,CNN,Trump is thumbing his nose at the law on citizenship | By Jennifer Taub via @CNNOpinion https://t.co/GZosVHqeK2 https://t.co/Gehz6QhVXy,33
233,0.0,Tue Oct 30 23:07:10 +0000 2018,0.0,1.0,0.0,CNN,The President and first lady laid stones and white roses atop 11 Star of David markers outside Tree of Life Synagog‚Ä¶ https://t.co/c12k3VVs9E,34
234,0.1027,Tue Oct 30 23:01:06 +0000 2018,0.0,0.877,0.123,CNN,How Lindsey Graham shifted from Trump detractor to defender https://t.co/U37TgqW2pR https://t.co/ZgUlVTI6FN,35
235,0.0,Tue Oct 30 22:51:06 +0000 2018,0.0,1.0,0.0,CNN,"The Chinese government has legalized the use of endangered tiger and rhino products for medical purposes, a move wi‚Ä¶ https://t.co/8vPhIaJ1pZ",36
236,0.0,Tue Oct 30 22:40:00 +0000 2018,0.0,1.0,0.0,CNN,"Segway was supposed to change the world. Two decades later, it just might. https://t.co/EJOOsPcfSv https://t.co/DmUM49g2SY",37
237,-0.4391,Tue Oct 30 22:30:52 +0000 2018,0.138,0.862,0.0,CNN,Venice's iconic St. Mark's Square was transformed into a lake after the Italian city experienced its most severe fl‚Ä¶ https://t.co/un18lqgChh,38
238,-0.836,Tue Oct 30 22:25:07 +0000 2018,0.283,0.717,0.0,CNN,Anderson Cooper is in Pittsburgh as the city mourns the 11 people killed in Saturday's shooting at the Tree of Life‚Ä¶ https://t.co/9TEtsYbpVv,39
239,0.1027,Tue Oct 30 22:20:00 +0000 2018,0.11,0.762,0.129,CNN,"Muslim groups have raised over $180,000 to help Pittsburgh synagogue shooting victims. ""We're just repaying the fav‚Ä¶ https://t.co/gUcSD87zkT",40
240,-0.8957,Tue Oct 30 22:15:08 +0000 2018,0.476,0.524,0.0,CNN,"As gun violence, sexual assault claims and immigration dominate headlines in 2018, the American Psychological Assoc‚Ä¶ https://t.co/sprdBG2usa",41
241,0.7346,Tue Oct 30 22:12:16 +0000 2018,0.0,0.772,0.228,CNN,"RT @CNNSitRoom: ""We're going to win back the House."" Rep. Eric Swalwell believes the Democrats will perform very well in the midterm electi‚Ä¶",42
242,0.6808,Tue Oct 30 22:10:06 +0000 2018,0.0,0.772,0.228,CNN,"The world's most expensive fragrance is heading to the United States, but anyone hoping to smell the $1.5 million l‚Ä¶ https://t.co/ohwpjHGkEw",43
243,0.0,Tue Oct 30 22:05:05 +0000 2018,0.0,1.0,0.0,CNN,Oscar-winning actor and director Jodie Foster directs a new Mike Bloomberg-backed midterm ad https://t.co/Ikmxs9K9wQ https://t.co/yLRSdCoS9f,44
244,0.0,Tue Oct 30 22:00:19 +0000 2018,0.0,1.0,0.0,CNN,Construction to start on Morocco's record-breaking skyscraper https://t.co/MrIt1E5NrC https://t.co/PSBiVt2vWL,45
245,-0.836,Tue Oct 30 21:57:05 +0000 2018,0.283,0.717,0.0,CNN,Anderson Cooper is in Pittsburgh as the city mourns the 11 people killed in Saturday's shooting at the Tree of Life‚Ä¶ https://t.co/rZ2ILBlcgh,46
246,-0.4019,Tue Oct 30 21:55:05 +0000 2018,0.265,0.581,0.155,CNN,"What motivates terrorists | By Peter Bergen, a CNN national security analyst https://t.co/KbIBzTI7mN",47
247,0.128,Tue Oct 30 21:55:02 +0000 2018,0.111,0.754,0.136,CNN,Dairy-product company Land O'Lakes and pet-food giant Purina announced they would no longer financially support Iow‚Ä¶ https://t.co/GkCTVLnPbu,48
248,0.0,Tue Oct 30 21:51:56 +0000 2018,0.0,1.0,0.0,CNN,"RT @CNNSitRoom: ""The office of consoler-in-chief is vacant right now in America,"" says Democratic Rep. Eric Swalwell about President Trump.‚Ä¶",49
249,-0.0258,Tue Oct 30 21:51:17 +0000 2018,0.055,0.945,0.0,CNN,Nothing gets past Mr. Feeny. TV actor William Daniels thwarted a burglary attempt at his Los Angeles home on Saturd‚Ä¶ https://t.co/RMNkMOLv1T,50
250,-0.7096,Tue Oct 30 21:50:03 +0000 2018,0.372,0.553,0.075,CNN,Legal fight looms as Trump administration considers caravan order that could violate federal law‚Ä¶ https://t.co/sOOjjHjknt,51
251,0.0,Tue Oct 30 21:45:08 +0000 2018,0.0,1.0,0.0,CNN,"NASA's Kepler Space Telescope has run out of fuel, and its mission has come to an end 94 million miles from Earth,‚Ä¶ https://t.co/zsYDIzJ1iU",52
252,-0.3071,Tue Oct 30 21:44:54 +0000 2018,0.093,0.907,0.0,CNN,"RT @CNNSitRoom: ""This protest wasn't planned at all 24 hours ago and in the last 24 hours it has exploded."" - CNN‚Äôs @miguelmarquez reports‚Ä¶",53
253,0.0,Tue Oct 30 21:40:06 +0000 2018,0.0,1.0,0.0,CNN,"""The Simpsons"" producer responds to claim that Apu is leaving https://t.co/VdWtfVWzBw https://t.co/Q1zYtW7UhI",54
254,0.0258,Tue Oct 30 21:35:05 +0000 2018,0.153,0.64,0.207,CNN,Facebook's quarterly revenue and user growth has disappointed investors amid a challenging year for a company navig‚Ä¶ https://t.co/nuiIuyu2ko,55
255,-0.4588,Tue Oct 30 21:31:51 +0000 2018,0.188,0.812,0.0,CNN,The Pittsburgh deaths were tragic. And preventable | By Jill Filipovic via @CNNOpinion https://t.co/wRJqTGQOWJ https://t.co/rdH1ATugli,56
256,0.4019,Tue Oct 30 21:30:12 +0000 2018,0.0,0.828,0.172,CNN,What this organic baby food company is doing to help working mothers https://t.co/9FAdj1KmuV https://t.co/vZ3miOzzJl,57
257,0.0,Tue Oct 30 21:29:10 +0000 2018,0.0,1.0,0.0,CNN,"Recent moves to send more troops to the US-Mexico border, possibly overhaul asylum policy and rethink birthright ci‚Ä¶ https://t.co/GWoLyr6XFZ",58
258,-0.3612,Tue Oct 30 21:26:14 +0000 2018,0.128,0.872,0.0,CNN,The head of House Republicans' campaign arm sharply criticized Iowa GOP Rep. Steve King's white nationalist rhetori‚Ä¶ https://t.co/zc5T4BLjEN,59
259,-0.2263,Tue Oct 30 21:25:07 +0000 2018,0.091,0.909,0.0,CNN,"RT @CNNPolitics: ‚ÄúThe protestors have been completely peaceful,‚Äù CNN‚Äôs Miguel Marquez reports from the scene of the protests in Pittsburgh‚Ä¶",60
260,-0.2732,Tue Oct 30 21:24:34 +0000 2018,0.087,0.913,0.0,CNN,Women and their babies face health risks when there's less than 12 months between the birth of one child and the co‚Ä¶ https://t.co/F7TjFpaajp,61
261,0.0,Tue Oct 30 21:22:20 +0000 2018,0.0,1.0,0.0,CNN,"RT @CNNSitRoom: At the Tree of Life synagogue where Saturday‚Äôs deadly shooting took place, President Donald Trump and first lady Melania Tr‚Ä¶",62
262,0.3818,Tue Oct 30 21:21:53 +0000 2018,0.0,0.867,0.133,CNN,To protect our health -- and the planet's -- vote green | By Michael Mikulka via @CNNOpinion https://t.co/oSyzPrwJY8 https://t.co/7Iu5svlwFV,63
263,-0.2732,Tue Oct 30 21:20:07 +0000 2018,0.084,0.916,0.0,CNN,RT @CNNPolitics: President Donald Trump and first lady Melania Trump place stones and white roses on the memorials for each victim of the T‚Ä¶,64
264,0.4588,Tue Oct 30 21:20:03 +0000 2018,0.129,0.594,0.277,CNN,Best Buy expands its toy section in a fight for Toys 'R' Us customers https://t.co/yKBHXot9vz https://t.co/EXvs3A2z29,65
265,0.0,Tue Oct 30 21:15:10 +0000 2018,0.0,1.0,0.0,CNN,The seeds of Pittsburgh were sown in Charlottesville | By Nicole Hemmer via @CNNOpinion https://t.co/BWGaJEXjKS https://t.co/K26wGkpgPP,66
266,0.1779,Tue Oct 30 21:10:06 +0000 2018,0.103,0.762,0.135,CNN,"This photographer is taking cues from Norman Rockwell, who charmed and shocked millions in the mid-1900s, and reima‚Ä¶ https://t.co/CmCPZRFLve",67
267,0.3612,Tue Oct 30 21:08:21 +0000 2018,0.0,0.898,0.102,CNN,"RT @TheLeadCNN: ""Everything he has said beforehand and everything he has said since makes this act seem like he‚Äôs checking off a box.‚Äù CNN‚Äô‚Ä¶",68
268,0.3182,Tue Oct 30 21:04:54 +0000 2018,0.087,0.745,0.168,CNN,Smart glasses for the hard of hearing are changing theater in London https://t.co/uRxhbi9kQF https://t.co/sBMXXU7EN5,69
269,0.0,Tue Oct 30 21:02:05 +0000 2018,0.0,1.0,0.0,CNN,"""We just can't keep going on this way."" Former New York Mayor Michael Bloomberg renewed his calls for stricter gun‚Ä¶ https://t.co/1jQKuVLurU",70
270,-0.3818,Tue Oct 30 20:59:32 +0000 2018,0.11,0.89,0.0,CNN,"RT @TheLeadCNN: .@JakeTapper: President Trump in Pittsburgh, is an an uninvited guest for many local leaders, as funerals begin for the vic‚Ä¶",71
271,-0.836,Tue Oct 30 20:58:59 +0000 2018,0.283,0.717,0.0,CNN,Anderson Cooper is in Pittsburgh as the city mourns the 11 people killed in Saturday's shooting at the Tree of Life‚Ä¶ https://t.co/YTQIqPuGTm,72
272,0.0,Tue Oct 30 20:56:52 +0000 2018,0.0,1.0,0.0,CNN,"RT @CNNPolitics: President Donald Trump, first lady Melania Trump, Ivanka Trump and Jared Kushner arrive at the Tree of Life synagogue wher‚Ä¶",73
273,0.0,Tue Oct 30 20:56:14 +0000 2018,0.0,1.0,0.0,CNN,"President Trump and first lady Melania Trump have arrived at Tree of Life Synagogue in Pittsburgh, the scene of Sat‚Ä¶ https://t.co/OOWlCAI1DL",74
274,-0.8225,Tue Oct 30 20:55:04 +0000 2018,0.352,0.648,0.0,CNN,How President Trump's war on political correctness opened a Pandora's box of hate speech https://t.co/XHJMYCD3BM |‚Ä¶ https://t.co/hyEaoThA3a,75
275,0.0,Tue Oct 30 20:50:08 +0000 2018,0.0,1.0,0.0,CNN,50 Cent and Ja Rule escalate beef https://t.co/jTNiOykFce https://t.co/b20o5QzXur,76
276,0.0,Tue Oct 30 20:45:00 +0000 2018,0.0,1.0,0.0,CNN,"Video shows a rare sighting of a ghostly Grimpoteuthis octopus, sometimes called a ""Dumbo octopus,"" in the waters o‚Ä¶ https://t.co/UjGn1woqMe",77
277,0.836,Tue Oct 30 20:40:09 +0000 2018,0.0,0.611,0.389,CNN,Three-time Olympic champion Shaun White has apologized to the Special Olympics community after a backlash over the‚Ä¶ https://t.co/8UWqlSgqKl,78
278,-0.3612,Tue Oct 30 20:37:15 +0000 2018,0.106,0.894,0.0,CNN,"October's market turmoil took an off-day as the Dow soared more than 432 points, while the Nasdaq and the broader S‚Ä¶ https://t.co/0ONUiuawv2",79
279,0.4939,Tue Oct 30 20:35:05 +0000 2018,0.0,0.814,0.186,CNN,"A whopping 5,655-carat emerald as big as your hand has been found in Zambia https://t.co/EkQIPlR0dN https://t.co/5BLAOGUVln",80
280,-0.0516,Tue Oct 30 20:33:59 +0000 2018,0.134,0.741,0.125,CNN,"RT @TheLeadCNN: ‚ÄúPresident Trump, in this neighborhood tonight, is definitely unwelcome.‚Äù 

CNN‚Äôs @miguelmarquez reports that the sadness a‚Ä¶",81
281,0.0,Tue Oct 30 20:33:40 +0000 2018,0.0,1.0,0.0,CNN,"RT @CNNnewsroom: ""If you flipped the script...wouldn't this be the same thing as if you had a Democratic president who wanted to sign an ex‚Ä¶",82
282,0.0,Tue Oct 30 20:30:07 +0000 2018,0.0,1.0,0.0,CNN,"Hundreds of volunteers in a port city on England's south coast formed a human chain to move their local bookstore,‚Ä¶ https://t.co/TM0F5dGIH5",83
283,0.0,Tue Oct 30 20:25:00 +0000 2018,0.0,1.0,0.0,CNN,"Video shows a rare sighting of a ghostly Grimpoteuthis octopus, sometimes called a ""Dumbo octopus,"" in the waters o‚Ä¶ https://t.co/3BJVSK7iYR",84
284,0.0,Tue Oct 30 20:23:40 +0000 2018,0.0,1.0,0.0,CNN,Kenya Airways has made a historic 15-hour flight from Nairobi's Jomo Kenyatta International Airport to New York‚Ä¶ https://t.co/4zHD7rHEFe,85
285,0.0,Tue Oct 30 20:20:07 +0000 2018,0.0,1.0,0.0,CNN,Dogs can sniff out malaria parasites on your clothes https://t.co/9DBAm1lJPX https://t.co/VBBXGurows,86
286,0.7717,Tue Oct 30 20:15:29 +0000 2018,0.0,0.767,0.233,CNN,"RT @CNNnewsroom: ‚ÄúThis is a remarkable community, it‚Äôs a mix of Jewish people and of people who are not Jewish, who have respect for each o‚Ä¶",87
287,0.0,Tue Oct 30 20:14:20 +0000 2018,0.0,1.0,0.0,CNN,"RT @CNNBusiness: The Dow closed up 432 points, or 1.8%, as wild swings continue to rock the market. The S&amp;P 500 jumped 1.6%, led higher by‚Ä¶",88
288,0.0,Tue Oct 30 20:13:39 +0000 2018,0.0,1.0,0.0,CNN,The US Air Force is facing more questions as to why it spent tens of thousands of dollars over the last three years‚Ä¶ https://t.co/cdRdaTllmA,89
289,0.1779,Tue Oct 30 20:10:02 +0000 2018,0.0,0.825,0.175,CNN,How Kohl's figured out the Amazon era https://t.co/2jyrFOnafu https://t.co/ZcRTa1qk0u,90
290,-0.0498,Tue Oct 30 20:08:00 +0000 2018,0.125,0.759,0.116,CNN,"""It‚Äôs been very difficult to watch the last couple years,"" says comedian Dave Chappelle, relecting on Trump's presi‚Ä¶ https://t.co/ECLZkgIiPo",91
291,-0.5267,Tue Oct 30 20:05:06 +0000 2018,0.196,0.804,0.0,CNN,"Coca-Cola's CEO says the company currently has no plans for cannabis drinks, after the company last month teased th‚Ä¶ https://t.co/pizreZk2QY",92
292,-0.4767,Tue Oct 30 20:04:37 +0000 2018,0.134,0.866,0.0,CNN,NASA's Parker Solar Probe has broken the world record for the closest approach to the sun ever achieved by a man-ma‚Ä¶ https://t.co/lpspSs1dNX,93
293,0.1027,Tue Oct 30 20:00:17 +0000 2018,0.0,0.915,0.085,CNN,"For years, Angela Merkel saw off all challengers. Now, she's preparing to step aside. https://t.co/RlOxCNBaJD https://t.co/a5rd89DjSx",94
294,-0.6705,Tue Oct 30 19:59:16 +0000 2018,0.234,0.766,0.0,CNN,"RT @CNNnewsroom: ‚ÄúWe‚Äôve ‚Ä¶ suffered from persecution for thousands of years - the Jews - and we‚Äôve always survived.""

Jon Pushinsky lost his‚Ä¶",95
295,0.5106,Tue Oct 30 19:55:06 +0000 2018,0.0,0.845,0.155,CNN,The forecast indicates that a strong cold front across the middle portion of the country could bring some frightful‚Ä¶ https://t.co/lhF17BOART,96
296,-0.3818,Tue Oct 30 19:50:04 +0000 2018,0.157,0.843,0.0,CNN,How President Trump's amoral approach to the presidency is changing everything https://t.co/ud4DmhO0bR | Analysis b‚Ä¶ https://t.co/h9orYNygEw,97
297,-0.6705,Tue Oct 30 19:45:09 +0000 2018,0.2,0.8,0.0,CNN,Six-year-old twin boys and their 9-year-old sister were killed after a pickup truck hit them as they crossed a road‚Ä¶ https://t.co/ygIhlf9umz,98
298,0.0,Tue Oct 30 19:38:08 +0000 2018,0.0,1.0,0.0,CNN,A teenager who was paralyzed in an airstrike near his home outside the Syrian city of Homs in 2013 has arrived in t‚Ä¶ https://t.co/jJmpELnV5z,99
299,-0.5859,Tue Oct 30 19:35:06 +0000 2018,0.237,0.647,0.116,CNN,England's swimming authority has been fiercely criticized and forced to apologize after advising women on what to w‚Ä¶ https://t.co/bfX2bNDBfc,100
300,0.0,Wed Oct 31 00:50:38 +0000 2018,0.0,1.0,0.0,Fox News,WEDNESDAY: @DanaPerino hosts The @DailyBriefing LIVE from Indianapolis. Tune in at 2p ET!  #Midterms2018 https://t.co/hHr6THcKJt,1
301,-0.4201,Wed Oct 31 00:42:15 +0000 2018,0.192,0.808,0.0,Fox News,".@TuckerCarlson: ""There is no more serious debate than the debate over citizenship, and it's long overdue."" #Tucker https://t.co/DjQ6PH4olX",2
302,0.5994,Wed Oct 31 00:35:00 +0000 2018,0.0,0.647,0.353,Fox News,"Vermont gubernatorial candidate promises Saturday night 'governor‚Äôs pardon TV show'
https://t.co/euxTPvKCbR",3
303,0.0,Wed Oct 31 00:30:14 +0000 2018,0.0,1.0,0.0,Fox News,".@POTUS' rhetoric not cause of Pittsburgh shooting, but message needs to be 'more clear,' @SenatorLankford says https://t.co/FxBhcv3xcc",4
304,-0.6705,Wed Oct 31 00:19:12 +0000 2018,0.22,0.78,0.0,Fox News,.@POTUS arrives at @Andrews_JBA after visiting the Pittsburgh synagogue where 11 people were killed last weekend.‚Ä¶ https://t.co/YCcqCeTX9J,5
305,0.7804,Wed Oct 31 00:17:32 +0000 2018,0.0,0.725,0.275,Fox News,ADORABLE: These newborns in the NICU at Aurora Health Care's Women's Pavilion in Wisconsin are dressed to impress f‚Ä¶ https://t.co/cNvOplCaVY,6
306,-0.34,Wed Oct 31 00:08:53 +0000 2018,0.154,0.769,0.077,Fox News,"President Trump dramatically expands US espionage spending amid threats from Russia, China and North Korea. https://t.co/oR1qqkyEvw",7
307,-0.3182,Wed Oct 31 00:00:09 +0000 2018,0.113,0.887,0.0,Fox News,".@POTUS and @FLOTUS, along with @IvankaTrump and @JaredKushner, paid tribute on Tuesday to the victims of the Pitts‚Ä¶ https://t.co/vuuBOqEzhX",8
308,0.3182,Tue Oct 30 23:54:00 +0000 2018,0.151,0.588,0.261,Fox News,Chinese intelligence officers charged in US aviation hacking https://t.co/laIPl8jRes,9
309,0.0,Tue Oct 30 23:47:31 +0000 2018,0.0,1.0,0.0,Fox News,Naomi Watts to star in 'Game of Thrones' prequel pilot https://t.co/CIjONCF3dA,10
310,-0.9001,Tue Oct 30 23:38:33 +0000 2018,0.522,0.478,0.0,Fox News,"Indiana children killed at bus stop are identified as siblings; suspect arrested, police say https://t.co/fp4lVZJGNF",11
311,-0.7783,Tue Oct 30 23:32:16 +0000 2018,0.459,0.541,0.0,Fox News,Missionary from Indiana shot dead amid fighting in Cameroon https://t.co/L6nAcMUcda,12
312,-0.0258,Tue Oct 30 23:23:00 +0000 2018,0.382,0.364,0.255,Fox News,Utah GOP Rep. Mia Love faces tough re-election fight https://t.co/DBK0pm4xpE,13
313,-0.8316,Tue Oct 30 23:18:00 +0000 2018,0.358,0.642,0.0,Fox News,"Son who allegedly killed Bradley University professor, husband was 'sick of his parents,' prosecutor says https://t.co/JO97ZgqudB",14
314,-0.4168,Tue Oct 30 23:11:54 +0000 2018,0.122,0.878,0.0,Fox News,"Jonathan Turley on @POTUS' birthright plan: ""An executive order is not the ideal way to go here. He's adding baggag‚Ä¶ https://t.co/EjxoHhPYaQ",15
315,0.0,Tue Oct 30 23:05:00 +0000 2018,0.0,1.0,0.0,Fox News,Journey cassette tape prompts evacuation at North Carolina building https://t.co/g3uHI6hZmB,16
316,0.0,Tue Oct 30 23:02:34 +0000 2018,0.0,1.0,0.0,Fox News,.@CharlesHurt on @POTUS targeting birthright citizenship: ‚ÄúKudos to the president for taking on an issue that matte‚Ä¶ https://t.co/Ka3YAprne4,17
317,0.0,Tue Oct 30 22:57:41 +0000 2018,0.0,1.0,0.0,Fox News,"Giant 5,655-carat emerald crystal with 'golden green hue' discovered by miners https://t.co/z0tS6B0MIb",18
318,0.0,Tue Oct 30 22:45:13 +0000 2018,0.0,1.0,0.0,Fox News,"Florida college student wore 'real ammunition' as part of 'Terminator' costume, police say https://t.co/29M2csruYB",19
319,0.0772,Tue Oct 30 22:36:54 +0000 2018,0.206,0.567,0.227,Fox News,New Mexico teenager praised for ‚Äòperfect‚Äô tired mom costume https://t.co/LF362QWCKe,20
320,-0.4404,Tue Oct 30 22:24:01 +0000 2018,0.162,0.838,0.0,Fox News,".@Kellyannepolls: ‚ÄúThis president was not about politics today, he was about the mourning in Pittsburgh.‚Äù‚Ä¶ https://t.co/tV42oqdpt6",21
321,0.0,Tue Oct 30 22:16:12 +0000 2018,0.0,1.0,0.0,Fox News,Military dispatched as caravan marches on. William La Jeunesse reports. #SpecialReport https://t.co/hEGTk4Rhhg https://t.co/bM9020gtrg,22
322,-0.7579,Tue Oct 30 22:04:30 +0000 2018,0.52,0.48,0.0,Fox News,Officers hurt in Pittsburgh synagogue attack identified https://t.co/SJhZj2Q4QT,23
323,-0.875,Tue Oct 30 21:58:31 +0000 2018,0.417,0.583,0.0,Fox News,"'Whitey' Bulger beaten to death by West Virginia prison inmates with possible mob ties, report says.
https://t.co/B9x7INC8Vx",24
324,0.0,Tue Oct 30 21:45:38 +0000 2018,0.0,1.0,0.0,Fox News,"Cluster of 1,000 octopuses discovered during California deep-sea expedition. https://t.co/OXvgxN1vG3",25
325,0.25,Tue Oct 30 21:38:25 +0000 2018,0.0,0.769,0.231,Fox News,Defense Secretary Jim Mattis discusses National Defense Strategy at the @USIP. https://t.co/L4JKDdYRm7,26
326,-0.4767,Tue Oct 30 21:31:00 +0000 2018,0.14,0.86,0.0,Fox News,A school bus driver in Texas was arrested this month after incredible dash cam video released Friday showed the mom‚Ä¶ https://t.co/2QU4QPrHYJ,27
327,-0.1027,Tue Oct 30 21:22:06 +0000 2018,0.195,0.684,0.121,Fox News,.@POTUS and @FLOTUS visit Pittsburgh synagogue to pay respects to victims of the massacre. https://t.co/u4u7UYNChN https://t.co/pqfNYwbcfL,28
328,0.0258,Tue Oct 30 21:12:50 +0000 2018,0.0,0.891,0.109,Fox News,"Bed bugs in Ohio reach ‚Äòepidemic‚Äô levels, exterminators say. https://t.co/by5EIA8SDc",29
329,0.1531,Tue Oct 30 20:54:32 +0000 2018,0.129,0.706,0.165,Fox News,North Carolina city 'bans' unpopular candy ahead of Halloween: 'No one likes them' https://t.co/on9WFb7bcB,30
330,-0.4767,Tue Oct 30 20:45:36 +0000 2018,0.193,0.807,0.0,Fox News,'Terrible Waste': Miller Says Conservatives Should Be 'Furious' at Trump's Border Deployment 'Stunt' https://t.co/NGrsYnF27Z,31
331,0.0,Tue Oct 30 20:36:11 +0000 2018,0.0,1.0,0.0,Fox News,"Texas man posted ad seeking child to 'try necrophilia and cannibalism,' sheriff says. https://t.co/zHZEt39ini",32
332,0.0,Tue Oct 30 20:30:00 +0000 2018,0.0,1.0,0.0,Fox News,".@DonaldJTrumpJr suggests media hypocrisy in coverage of Clinton remark on Holder, Booker. https://t.co/RzH5dEirWc",33
333,-0.8481,Tue Oct 30 20:27:00 +0000 2018,0.506,0.494,0.0,Fox News,At least 11 dead as violent storms buffet Italy https://t.co/pa20oUTjMV,34
334,-0.4767,Tue Oct 30 20:15:00 +0000 2018,0.256,0.744,0.0,Fox News,"Couple's $7,000 Bali honeymoon ruined after dog chews passport https://t.co/LZMq8gUFeh",35
335,-0.4356,Tue Oct 30 20:07:22 +0000 2018,0.217,0.783,0.0,Fox News,International Red Cross fears for city in Syria it can't reach with aid (via @holliesmckay) https://t.co/YzrC8n0pAV,36
336,0.0,Tue Oct 30 20:05:37 +0000 2018,0.0,1.0,0.0,Fox News,"A.B. Stoddard: ‚ÄúMany Republican women are going to be voting for Democrats this fall, and that‚Äôs something Democrat‚Ä¶ https://t.co/fbexYZNBTf",37
337,0.0,Tue Oct 30 20:05:00 +0000 2018,0.0,1.0,0.0,Fox News,.@ShepNewsTeam is live with the ‚ÄòFox News Update‚Äô on Facebook Watch: https://t.co/hNrB8xzepH https://t.co/QamAio6ACB,38
338,-0.4767,Tue Oct 30 19:59:14 +0000 2018,0.193,0.807,0.0,Fox News,".@POTUS and @FLOTUS arrive in Pittsburgh, PA for visit after synagogue attack. https://t.co/MwuUNsUFKQ https://t.co/L6Oy7Fkmez",39
339,0.0,Tue Oct 30 19:48:47 +0000 2018,0.0,1.0,0.0,Fox News,.@POTUS and @FLOTUS arrive in Pittsburgh following Saturday's deadly shooting at Tree of Life synagogue. https://t.co/XGTyrsGWYi,40
340,-0.4215,Tue Oct 30 19:42:00 +0000 2018,0.177,0.823,0.0,Fox News,"Man eats soup directly from supermarket hot bar, enrages Twitter: 'Who does that?' https://t.co/1ZqTmyM7uz",41
341,-0.2732,Tue Oct 30 19:32:24 +0000 2018,0.13,0.87,0.0,Fox News,"North Carolina mom whose son, 1, was swept away in Florence floodwaters faces charges https://t.co/DVHYkPuGBm",42
342,-0.5994,Tue Oct 30 19:25:00 +0000 2018,0.151,0.849,0.0,Fox News,Photo of the Day: A man walks by an oak tree displaying fall colors on the grounds of the National World War I Muse‚Ä¶ https://t.co/fSAlYNfRUg,43
343,0.0,Tue Oct 30 19:20:00 +0000 2018,0.0,1.0,0.0,Fox News,"Cat crashes runway at Turkey fashion show, goes viral on Instagram https://t.co/oAnZLsIdu2",44
344,-0.2924,Tue Oct 30 19:11:38 +0000 2018,0.144,0.856,0.0,Fox News,Governor and mayor not greeting @POTUS in Pittsburgh. @Garrett_FoxNews with the latest. https://t.co/MwuUNsUFKQ https://t.co/mhoNOk7KQW,45
345,-0.8885,Tue Oct 30 19:04:41 +0000 2018,0.447,0.553,0.0,Fox News,Whitey Bulger found dead in prison: 3 things to know about the notorious Boston mob boss https://t.co/f7BkVlfLVQ,46
346,0.7269,Tue Oct 30 18:55:40 +0000 2018,0.0,0.736,0.264,Fox News,"After being saved by International Animal Rescue, Monti the orangutan has provided ‚Äúcomfort and care‚Äù to orphaned A‚Ä¶ https://t.co/jfnHg3mwnB",47
347,0.0,Tue Oct 30 18:51:14 +0000 2018,0.0,1.0,0.0,Fox News,"President @realDonaldTrump and @FLOTUS Melania Trump depart Joint Base Andrews en route to Pittsburgh, Pennsylvania. https://t.co/MARGROmbBO",48
348,0.3182,Tue Oct 30 18:48:25 +0000 2018,0.0,0.839,0.161,Fox News,Colorado ballot measure would increase restrictions on fracking if passed; @aacuna1 reports https://t.co/7gbulAnds3,49
349,0.6369,Tue Oct 30 18:43:22 +0000 2018,0.0,0.679,0.321,Fox News,"Whataburger-loving Texas couple throw Halloween party, decorate entire house like fast-food chain https://t.co/gkj73l9xeM",50
350,0.5106,Tue Oct 30 18:40:30 +0000 2018,0.0,0.68,0.32,Fox News,"RT @FoxBusiness: Consumer confidence hits 18-year high
https://t.co/IT7iArGAp4",51
351,0.4404,Tue Oct 30 18:40:22 +0000 2018,0.0,0.838,0.162,Fox News,"RT @FoxBusiness: Dairy farmers ask for more aid as tariffs wipe away $1B in profits
https://t.co/g2SHUM9Alg",52
352,0.296,Tue Oct 30 18:21:18 +0000 2018,0.145,0.625,0.23,Fox News,Pittsburgh rabbi receives hate mail for saying Trump would be welcome: 'We need to be better than this' https://t.co/RY6otWEXCw,53
353,0.0,Tue Oct 30 18:14:10 +0000 2018,0.0,1.0,0.0,Fox News,"VOLCANIC LIGHTNING: Watch the Anak Krakatau volcano erupt earlier this month, causing volcanic lightning as ash and‚Ä¶ https://t.co/fSMxbzle6x",54
354,-0.25,Tue Oct 30 17:59:11 +0000 2018,0.143,0.857,0.0,Fox News,"Boston Red Sox Owner Believes Team Will Visit White House, Manager Unsure https://t.co/YCQYUP1mxi",55
355,0.0,Tue Oct 30 17:41:00 +0000 2018,0.0,1.0,0.0,Fox News,.@KeithRothfus: ‚ÄúWhat happened on Saturday was an unspeakable abomination.‚Äù #OutnumberedOT https://t.co/JscLFD0Hjq,56
356,-0.5994,Tue Oct 30 17:35:24 +0000 2018,0.281,0.719,0.0,Fox News,This bullet-scarred Bible ‚Äòsaved the life‚Äô of a World War I soldier https://t.co/2n7vmnrSP7,57
357,0.3182,Tue Oct 30 17:24:50 +0000 2018,0.0,0.859,0.141,Fox News,.@RepDennyHeck: I think the millennials are going to increase their turnout significantly over past elections.‚Ä¶ https://t.co/D3xdxUjE06,58
358,0.2023,Tue Oct 30 17:16:04 +0000 2018,0.0,0.859,0.141,Fox News,Pharrell Williams sends Trump cease-and-desist letter for playing ‚ÄòHappy‚Äô at rally https://t.co/rSWo9ybZkD,59
359,0.4939,Tue Oct 30 17:07:44 +0000 2018,0.0,0.842,0.158,Fox News,".@SteveScalise praised @POTUS for stating that he plans to sign an executive order ending so-called ""birthright cit‚Ä¶ https://t.co/7fOSJmtvAt",60
360,-0.8316,Tue Oct 30 16:57:46 +0000 2018,0.375,0.625,0.0,Fox News,"BREAKING NEWS: Whitey Bulger, infamous Boston mob boss, killed in prison, multiple reports say‚Ä¶ https://t.co/M85IUH2zj1",61
361,0.0,Tue Oct 30 16:51:25 +0000 2018,0.0,1.0,0.0,Fox News,McCarthy on Birthright Citizenship: Trump 'Right on Substance' But Executive Order Won't Work https://t.co/SnyBbRFDBt,62
362,-0.5994,Tue Oct 30 16:44:07 +0000 2018,0.206,0.794,0.0,Fox News,"North Carolina high school shooting stemmed from bullying that ‚Äòescalated out of control,‚Äô officials say https://t.co/hnnklP9hGX",63
363,-0.1531,Tue Oct 30 16:38:24 +0000 2018,0.15,0.728,0.121,Fox News,".@LawrenceBJones3 on @POTUS looking to end birthright citizenship: ""I agree with the president's frustration. I'm v‚Ä¶ https://t.co/riWUPjARFW",64
364,0.4767,Tue Oct 30 16:32:29 +0000 2018,0.137,0.504,0.36,Fox News,Prominent @NBA figures boost political talk as midterms loom https://t.co/yOKhmhXMOW,65
365,-0.1027,Tue Oct 30 16:28:51 +0000 2018,0.134,0.753,0.113,Fox News,"Claire McCaskill's swipe at Sanders, Warren ignore fact she accepted their PAC money, fundraising efforts https://t.co/tB8Wvi0VXf",66
366,0.0,Tue Oct 30 16:27:13 +0000 2018,0.0,1.0,0.0,Fox News,".@KatiePavlich: ""Seeing the shift in how Republicans kind of [have] taken the Democrat playbook in getting early vo‚Ä¶ https://t.co/fKlYFXAnDm",67
367,0.34,Tue Oct 30 16:19:29 +0000 2018,0.0,0.833,0.167,Fox News,"Caravan migrants forcing Mexico to scramble to secure roads, provide food, water https://t.co/pqGozC1fpQ",68
368,0.4404,Tue Oct 30 16:17:35 +0000 2018,0.0,0.804,0.196,Fox News,".@adrienneelrod: ""The Democrats who are on message are saying universally, 'We want to protect, not repeal, health‚Ä¶ https://t.co/P7NEIHwzEd",69
369,0.0258,Tue Oct 30 16:07:22 +0000 2018,0.0,0.891,0.109,Fox News,Khashoggi's fiancee calls on Trump to prevent 'cover-up' https://t.co/PV89AlnctV https://t.co/gVnlqQHlqw,70
370,0.0,Tue Oct 30 16:00:43 +0000 2018,0.0,1.0,0.0,Fox News,Dow trading up triple digits https://t.co/DRxkIUwR2M,71
371,-0.3818,Tue Oct 30 15:57:46 +0000 2018,0.14,0.86,0.0,Fox News,".@AndrewCMcCarthy on Trump's plan to restrict birthright citizenship: ""I don't think the @POTUS unilaterally can ch‚Ä¶ https://t.co/eZ4UkK5QMx",72
372,-0.0258,Tue Oct 30 15:49:14 +0000 2018,0.073,0.927,0.0,Fox News,'Boy Meets World' Mr. Feeny actor William Daniels thwarted attempted burglary at his home https://t.co/rMd1qunmpX,73
373,0.34,Tue Oct 30 15:46:16 +0000 2018,0.0,0.854,0.146,Fox News,Leaks inside Trump administration lead some to call for overhaul of security clearance system https://t.co/lYt6hLUek7,74
374,-0.4404,Tue Oct 30 15:41:07 +0000 2018,0.195,0.805,0.0,Fox News,".@jasoninthehouse: ""Even the Democrats are getting tired of the Russia probe."" https://t.co/rENSgObzYr https://t.co/jl5Ds33Z0w",75
375,0.0,Tue Oct 30 15:36:43 +0000 2018,0.0,1.0,0.0,Fox News,.@POTUS says he plans to end birthright citizenship by executive order https://t.co/2gk8a0oEgb https://t.co/rYTTO6I3Lf,76
376,-0.4019,Tue Oct 30 15:30:31 +0000 2018,0.231,0.769,0.0,Fox News,.@POTUS to migrant caravan: They're 'wasting their time' https://t.co/r23F3yn90w https://t.co/KFzAc20Ux2,77
377,-0.538,Tue Oct 30 15:23:02 +0000 2018,0.256,0.744,0.0,Fox News,Actor James Cromwell warns of 'blood in the streets' if Democrats don't win election https://t.co/24EaclKVmX,78
378,0.7003,Tue Oct 30 15:13:55 +0000 2018,0.0,0.58,0.42,Fox News,Bride-to-be reportedly makes friends compete for bridal party spots https://t.co/sOOZCXiiQG,79
379,0.0,Tue Oct 30 15:12:23 +0000 2018,0.0,1.0,0.0,Fox News,Heated Georgia governor's race drawing national attention https://t.co/CiAzG6BDQw,80
380,0.5256,Tue Oct 30 15:02:15 +0000 2018,0.0,0.805,0.195,Fox News,".@MoElleithee: ""[@BarackObama and President @realDonaldTrump] both have incredibly loyal bases that is completely n‚Ä¶ https://t.co/s2ROQP0I28",81
381,-0.8442,Tue Oct 30 14:56:52 +0000 2018,0.378,0.622,0.0,Fox News,"Indonesia Lion Air plane had reported airspeed problem day before crash, as accounts emerge of terrifying previous‚Ä¶ https://t.co/Sf2HKSrwFd",82
382,0.0,Tue Oct 30 14:54:53 +0000 2018,0.0,1.0,0.0,Fox News,".@continetti: ""That's representative of the Democrats' view of Hillary in 2020, that her time has passed.""‚Ä¶ https://t.co/0u9splO594",83
383,-0.5574,Tue Oct 30 14:48:04 +0000 2018,0.141,0.859,0.0,Fox News,"RT @FoxNewsResearch: Babies Born to Illegal Immigrants in US:
Births/Share of all US births

‚Ä¢1980: 30K (1%)

‚Ä¢1985: 45K (1%)

‚Ä¢1990: 95K (‚Ä¶",84
384,0.0772,Tue Oct 30 14:46:01 +0000 2018,0.0,0.939,0.061,Fox News,"""People that want to come here illegally need to recognize that we're going to actually enforce our laws and secure‚Ä¶ https://t.co/q958UiqPSN",85
385,0.0,Tue Oct 30 14:38:58 +0000 2018,0.0,1.0,0.0,Fox News,.@KenPaxtonTX on @POTUS saying he plans to end birthright citizenship by executive order https://t.co/AfArXkgt72‚Ä¶ https://t.co/38k65HeDK4,86
386,-0.8834,Tue Oct 30 14:35:10 +0000 2018,0.424,0.576,0.0,Fox News,".@SteveScalise: ""We need to face-off and confront these acts of evil and hatred with unity."" @AmericaNewsroom https://t.co/gaXtkzVn0v",87
387,0.2716,Tue Oct 30 14:27:47 +0000 2018,0.0,0.913,0.087,Fox News,".@SteveScalise: ""The most important thing we can all do is stand up and say, 'It's not right. This isn't the way we‚Ä¶ https://t.co/6SFputSVlw",88
388,0.0,Tue Oct 30 14:20:42 +0000 2018,0.0,1.0,0.0,Fox News,".@SteveScalise: ""[The Pittsburgh community needs] people to come together and stand against bigotry and hate.""‚Ä¶ https://t.co/OIX9QR4Nz0",89
389,-0.5994,Tue Oct 30 14:12:41 +0000 2018,0.38,0.62,0.0,Fox News,Funerals for Pittsburgh synagogue shooting victims begin today https://t.co/GuCsrqLexO https://t.co/9BrtxfVJEP,90
390,-0.0258,Tue Oct 30 14:10:38 +0000 2018,0.119,0.766,0.115,Fox News,".@KenPaxtonTX: ‚ÄúWe need help along the border. We've been struggling for years and years and finally, we have a pre‚Ä¶ https://t.co/EhzAOnwgPT",91
391,0.6249,Tue Oct 30 13:59:28 +0000 2018,0.0,0.773,0.227,Fox News,.@JohnJamesMI: ‚ÄúWe cannot wait another six years to fix our Great Lakes.‚Äù https://t.co/Iw8STf1WHE @AmericaNewsroom https://t.co/JTUrPUIRpD,92
392,0.0,Tue Oct 30 13:56:00 +0000 2018,0.0,1.0,0.0,Fox News,State of the Midterms: Longshot Senate bids catch up in final stretch https://t.co/yb4FjFPuwF,93
393,0.0,Tue Oct 30 13:44:49 +0000 2018,0.0,1.0,0.0,Fox News,".@POTUS, @FLOTUS to visit Pittsburgh today in wake of synagogue massacre https://t.co/Trrcp4Tliv",94
394,0.0258,Tue Oct 30 13:16:26 +0000 2018,0.104,0.783,0.113,Fox News,.@LaraLeaTrump: ‚ÄúWe want to leave nothing on the table.‚Äù @foxandfriends https://t.co/KNaI1aiIg1,95
395,0.0,Tue Oct 30 13:00:02 +0000 2018,0.0,1.0,0.0,Fox News,"Dogs can be trained to sniff out malaria, researchers say https://t.co/IZm4Uuu4KQ",96
396,0.0,Tue Oct 30 12:45:00 +0000 2018,0.0,1.0,0.0,Fox News,"Pittsburgh leaders, residents split over President Trump‚Äôs trip to synagogue shooting site https://t.co/MM3FqOKf6I",97
397,0.25,Tue Oct 30 12:30:00 +0000 2018,0.0,0.875,0.125,Fox News,"McCarthy is favorite to get speaker role if Republicans keep House, but not a shoo-in https://t.co/pb57cAJAQ1",98
398,0.0,Tue Oct 30 12:09:43 +0000 2018,0.0,1.0,0.0,Fox News,RT @FoxBusiness: U.S. futures: https://t.co/HJunP8oKZG,99
399,0.5719,Tue Oct 30 11:50:00 +0000 2018,0.0,0.778,0.222,Fox News,.@nedryun: ‚ÄúDonald Trump is doing an excellent job on prescription drug prices.‚Äù @FoxFriendsFirst https://t.co/uuFxEr6zTs,100
400,0.0,Wed Oct 31 00:47:07 +0000 2018,0.0,1.0,0.0,The New York Times,"‚ÄúChina is not an ally; it‚Äôs increasingly a competitor in the Pacific,‚Äù the report's author said. ‚ÄúWe shouldn‚Äôt be h‚Ä¶ https://t.co/7VA5mr3pUo",1
401,0.3612,Wed Oct 31 00:32:10 +0000 2018,0.109,0.664,0.227,The New York Times,The Interior Department‚Äôs top watchdog has referred an investigation into a possible conflict of interest by Interi‚Ä¶ https://t.co/qYqVzWP2Un,2
402,-0.2263,Wed Oct 31 00:17:05 +0000 2018,0.083,0.868,0.049,The New York Times,RT @TheSteinLine: An inside look at Carmelo Anthony's challenge going from No. 1 option to sixth man with the Hall of Famer who gave Melo a‚Ä¶,3
403,-0.2732,Wed Oct 31 00:02:06 +0000 2018,0.134,0.783,0.083,The New York Times,"For nearly a year and a half, top officials in Newark denied that their water system had a widespread lead problem,‚Ä¶ https://t.co/448G9zmTcH",4
404,-0.4215,Tue Oct 30 23:47:04 +0000 2018,0.149,0.851,0.0,The New York Times,The end of Kepler‚Äôs watch marks only the beginning of a quest to cure humankind‚Äôs cosmic loneliness https://t.co/mbnMSyaMnc,5
405,0.0,Tue Oct 30 23:32:04 +0000 2018,0.0,1.0,0.0,The New York Times,"We are looking for people to travel the world ‚Äî again. The deadline for applications is Oct. 30 at midnight, ET. https://t.co/BOnZhRpGaQ",6
406,0.5719,Tue Oct 30 23:17:01 +0000 2018,0.0,0.837,0.163,The New York Times,"RT @jessemckinley: .@marcmolinaro, unplugged, on @NYGovCuomo: 

‚ÄúI think he thinks money and power define success. I think he thinks to be‚Ä¶",7
407,0.0,Tue Oct 30 23:02:03 +0000 2018,0.0,1.0,0.0,The New York Times,Evening Briefing: Here's what you need to know at the end of the day https://t.co/IE3QyNEDhd,8
408,-0.5574,Tue Oct 30 22:47:03 +0000 2018,0.167,0.833,0.0,The New York Times,The University of Maryland's football coach will keep his job after a player died following a practice in May. The‚Ä¶ https://t.co/tSifIDmK0I,9
409,0.0,Tue Oct 30 22:30:05 +0000 2018,0.0,1.0,0.0,The New York Times,"The bodies of 2 sisters were found duct-taped together in the Hudson River.
They were wearing similar black legging‚Ä¶ https://t.co/mZUujBr3rU",10
410,-0.3182,Tue Oct 30 22:17:02 +0000 2018,0.091,0.909,0.0,The New York Times,"RT @NYTNational: Vice President Mike Pence asked ""a leader in the Jewish community‚Äù to offer a prayer on Monday for the victims in the Pitt‚Ä¶",11
411,-0.0387,Tue Oct 30 21:56:19 +0000 2018,0.182,0.681,0.136,The New York Times,"But as Western states reap the benefits from these sales, they are also confronting the risks that the administrati‚Ä¶ https://t.co/K2GIHiQhwK",12
412,0.4404,Tue Oct 30 21:53:25 +0000 2018,0.0,0.854,0.146,The New York Times,"To proponents, the administration is putting government-owned land to good use, with big returns for taxpayers. For‚Ä¶ https://t.co/fKgmZYryde",13
413,0.0,Tue Oct 30 21:49:17 +0000 2018,0.0,1.0,0.0,The New York Times,"According to a New York Times analysis, over 12.8 million acres of federally controlled oil and gas parcels were of‚Ä¶ https://t.co/Ht1FO1c4D8",14
414,0.0,Tue Oct 30 21:45:07 +0000 2018,0.0,1.0,0.0,The New York Times,"The Trump administration is auctioning off millions of acres of drilling rights to oil and gas developers, fueling‚Ä¶ https://t.co/bXrr9GOr8f",15
415,0.6124,Tue Oct 30 21:32:07 +0000 2018,0.0,0.773,0.227,The New York Times,Rabbis across North America told us how they are comforting their congregations and securing their synagogues in th‚Ä¶ https://t.co/q9s0AHljaZ,16
416,0.0,Tue Oct 30 21:17:01 +0000 2018,0.0,1.0,0.0,The New York Times,"In Opinion

Zoltan L. Hajnal, author of ""America‚Äôs Uneven Democracy: Turnout, Race, and Representation in City Poli‚Ä¶ https://t.co/IgJGGra7Vy",17
417,0.0,Tue Oct 30 21:02:05 +0000 2018,0.0,1.0,0.0,The New York Times,Scientists have long wondered where in the sea extinct fish groups and their living relatives first evolved. A new‚Ä¶ https://t.co/5K9ry5kcm4,18
418,-0.296,Tue Oct 30 20:46:03 +0000 2018,0.087,0.913,0.0,The New York Times,RT @EmmaCottNYT: How do you comply with a strict voter ID law on a Native American reservation where the streets have no names? We went to‚Ä¶,19
419,-0.3071,Tue Oct 30 20:30:09 +0000 2018,0.16,0.84,0.0,The New York Times,"China's currency is weakening toward a level not seen since 2008. That could undermine Trump's tariffs, but also hu‚Ä¶ https://t.co/ojeCLCn9dx",20
420,-0.6705,Tue Oct 30 20:17:23 +0000 2018,0.209,0.791,0.0,The New York Times,"Breaking News: Fellow inmates killed Whitey Bulger, a former mob informer, after he was transferred to a new penite‚Ä¶ https://t.co/AwyIMg4LJl",21
421,0.2382,Tue Oct 30 20:15:06 +0000 2018,0.0,0.907,0.093,The New York Times,"You might not think of chili as an easy weeknight dish, but this turkey version will change your mind‚Ä¶ https://t.co/5r5Gg3zj2w",22
422,0.0,Tue Oct 30 20:00:08 +0000 2018,0.0,1.0,0.0,The New York Times,Pittsburgh. Las Vegas. Dallas. How and why Kalashnikovs &amp; AR-15 rifles are used in mass shootings. https://t.co/VyVji8bPwo,23
423,-0.4019,Tue Oct 30 19:45:07 +0000 2018,0.13,0.87,0.0,The New York Times,Why was the plane that crashed in Indonesia on Monday allowed to fly after problems the day before https://t.co/rKI7ACgB5N,24
424,0.0,Tue Oct 30 19:30:02 +0000 2018,0.132,0.735,0.132,The New York Times,"‚ÄúThe problem is clearly expanding.‚Äù Anti-Semitic messages surged on Instagram after Pittsburgh, as social media sit‚Ä¶ https://t.co/6VtgKqAxNH",25
425,0.5106,Tue Oct 30 19:15:09 +0000 2018,0.0,0.807,0.193,The New York Times,"Marcus Molinaro had emerged as a favorite to challenge New York Gov. Andrew Cuomo. So far, however, it hasn't exact‚Ä¶ https://t.co/IjM90VK0kz",26
426,0.0,Tue Oct 30 19:00:07 +0000 2018,0.0,1.0,0.0,The New York Times,"‚ÄúI don‚Äôt use the ‚ÄòA‚Äô word, as in anti-aging. I just remove myself from those associations. I‚Äôm so fed up with the m‚Ä¶ https://t.co/Lp9ubU4RGV",27
427,-0.296,Tue Oct 30 18:50:05 +0000 2018,0.087,0.913,0.0,The New York Times,"RT @nytvideo: ‚ÄúWe‚Äôre not going to let anybody stop us.‚Äù We went to the Turtle Mountain Reservation in North Dakota, where the tribe‚Äôs membe‚Ä¶",28
428,0.3612,Tue Oct 30 18:40:00 +0000 2018,0.0,0.872,0.128,The New York Times,Constitutional scholars agree: Any child born in the U.S. is automatically a citizen. Any action by President Trump‚Ä¶ https://t.co/JKUyy2dABL,29
429,-0.886,Tue Oct 30 18:25:01 +0000 2018,0.38,0.62,0.0,The New York Times,Toxic air has become a global menace that kills 7 million people each year. And its the dreaded pollution season in‚Ä¶ https://t.co/ocddtw0AsU,30
430,0.296,Tue Oct 30 18:10:04 +0000 2018,0.067,0.81,0.124,The New York Times,It was hard enough to be elected on promises of radical criminal-justice reform in Philadelphia. Now Larry Krasner‚Ä¶ https://t.co/2xNDRV94zV,31
431,-0.34,Tue Oct 30 17:55:04 +0000 2018,0.107,0.893,0.0,The New York Times,An ad for Senator Claire McCaskill says she‚Äôs ‚Äúnot one of those crazy Democrats.‚Äù When later asked in a Fox intervi‚Ä¶ https://t.co/6Moykj7qk0,32
432,-0.802,Tue Oct 30 17:43:19 +0000 2018,0.298,0.702,0.0,The New York Times,"Breaking News: The notorious Boston mobster and FBI informant Whitey Bulger, 89, was found dead in a West Virginia‚Ä¶ https://t.co/NGxUN0I04L",33
433,-0.128,Tue Oct 30 17:25:16 +0000 2018,0.107,0.805,0.088,The New York Times,"‚ÄúHow do you calm your child‚Äôs fears about the bogeyman, when the bogeyman is real?‚Äù She never told her son she witn‚Ä¶ https://t.co/O3JlQMRRhC",34
434,0.0,Tue Oct 30 17:10:06 +0000 2018,0.0,1.0,0.0,The New York Times,RT @adamliptak: Apparently today's topic is birthright citizenship.  My contribution: https://t.co/iJf2SPagJO,35
435,-0.5719,Tue Oct 30 17:00:06 +0000 2018,0.171,0.829,0.0,The New York Times,"In Opinion

Wajahat Ali writes, ""It‚Äôs precisely the bigotry and hate that has been directed toward Islam ‚Äî includin‚Ä¶ https://t.co/C9c1Mz4DWX",36
436,-0.3818,Tue Oct 30 16:45:05 +0000 2018,0.126,0.874,0.0,The New York Times,"Barbra Streisand has a new album, one that is the musical embodiment of her singular dislike of President Trump https://t.co/BnkDnJiUno",37
437,0.0,Tue Oct 30 16:35:05 +0000 2018,0.0,1.0,0.0,The New York Times,"RT @alexburnsNYT: Ask
Me
Anything

Coming up at 1 &gt;&gt;
https://t.co/JBCGs4jgYJ",38
438,-0.3818,Tue Oct 30 16:20:07 +0000 2018,0.148,0.852,0.0,The New York Times,There are 7 days until the 2018 midterm elections. And the battle for Congress is close. https://t.co/cD3jIFPG43,39
439,-0.7845,Tue Oct 30 16:05:07 +0000 2018,0.317,0.683,0.0,The New York Times,The first funeral for the victims of Pittsburgh synagogue attack began on Tuesday morning. Trump plans to visit the‚Ä¶ https://t.co/hV6pza7Jkc,40
440,0.0772,Tue Oct 30 15:50:08 +0000 2018,0.0,0.929,0.071,The New York Times,"""The community needs us and we mobilize."" Pittsburgh's Jews face the challenge of  balancing religious rituals with‚Ä¶ https://t.co/MIlb9iXBP6",41
441,0.0,Tue Oct 30 15:35:01 +0000 2018,0.0,1.0,0.0,The New York Times,Something very large and dark occupies the center of our galaxy. New data suggests that it's a monstrous black hole. https://t.co/hoLtj1JC0e,42
442,0.3612,Tue Oct 30 15:20:05 +0000 2018,0.0,0.889,0.111,The New York Times,Louis C.K.‚Äôs appearances on Monday marked a new step in his comeback: It was the first time the Comedy Cellar adver‚Ä¶ https://t.co/dki4hdH5W7,43
443,0.0,Tue Oct 30 15:05:06 +0000 2018,0.0,1.0,0.0,The New York Times,"The equivalent of a Category 3 hurricane lashed Italy from Piedmont to Sicily early this week, leaving at least 9 p‚Ä¶ https://t.co/6zQB2l4WGj",44
444,-0.2755,Tue Oct 30 14:53:59 +0000 2018,0.105,0.895,0.0,The New York Times,"""There‚Äôs nothing like talking to a parent who doesn‚Äôt know where their children are,"" New York Times reporter Caitl‚Ä¶ https://t.co/dmeSrC4uIM",45
445,0.0,Tue Oct 30 14:52:27 +0000 2018,0.0,1.0,0.0,The New York Times,"To report this story from April, 2018, New York Times reporter Caitlin Dickerson spent more than 6 months speaking‚Ä¶ https://t.co/gQfWjNxJyc",46
446,-0.2044,Tue Oct 30 14:49:34 +0000 2018,0.087,0.913,0.0,The New York Times,"Journalism has never been more important. In the latest New York Times advertising campaign, we show the time, effo‚Ä¶ https://t.co/pA4U8VYHQK",47
447,-0.3612,Tue Oct 30 14:30:03 +0000 2018,0.116,0.884,0.0,The New York Times,Stephen Colbert and Jimmy Kimmel criticized Trump for his refusal to dial down his provocative language about the m‚Ä¶ https://t.co/A9gcOtDskc,48
448,-0.4767,Tue Oct 30 14:15:03 +0000 2018,0.182,0.749,0.07,The New York Times,Balancing observance with a complex criminal investigation is presenting a rare set of challenges for the mourning‚Ä¶ https://t.co/zcpvl1wUHJ,49
449,0.3182,Tue Oct 30 14:00:23 +0000 2018,0.0,0.901,0.099,The New York Times,"In the final days before the election, tribes in North Dakota think they may be able to increase turnout despite a‚Ä¶ https://t.co/MG0R2S3d3g",50
450,-0.1531,Tue Oct 30 13:45:02 +0000 2018,0.131,0.72,0.148,The New York Times,A record number of women have run for Congress and won their primaries. But they still lag men in fund-raising. https://t.co/kXSHVwDlst,51
451,-0.4019,Tue Oct 30 13:30:14 +0000 2018,0.137,0.863,0.0,The New York Times,"Until recently, many American Jews believed that anti-Semitism was a European problem, one the U.S. had left behind‚Ä¶ https://t.co/OjWl0g8GB4",52
452,0.0,Tue Oct 30 13:15:11 +0000 2018,0.0,1.0,0.0,The New York Times,"7 days to go

Here's your daily Tip Sheet, a political analysis of the U.S. midterm elections, based on interviews‚Ä¶ https://t.co/TFAl9ucXFY",53
453,0.0,Tue Oct 30 13:00:09 +0000 2018,0.0,1.0,0.0,The New York Times,"""Putting our religious differences or even your political differences aside, the core of all of us is that we have‚Ä¶ https://t.co/tymLAa8emU",54
454,0.0,Tue Oct 30 12:45:03 +0000 2018,0.0,1.0,0.0,The New York Times,The massing of U.S. troops comes as Trump has seized on the caravan as a closing political message before the midte‚Ä¶ https://t.co/CvFftHb2cs,55
455,-0.6486,Tue Oct 30 12:30:14 +0000 2018,0.261,0.739,0.0,The New York Times,"Your daily @DealBook Briefing: 
‚Ä¢ Additional tariffs on Chinese goods could hurt U.S. shoppers
‚Ä¢ U.S. blocks a Chin‚Ä¶ https://t.co/sOQtDGLOew",56
456,0.5994,Tue Oct 30 12:15:04 +0000 2018,0.0,0.822,0.178,The New York Times,"The Metropolitan Museum of Art gave the blockbuster treatment to Armenia, the oldest Christian country in the world https://t.co/W4wtqvlo08",57
457,0.0,Tue Oct 30 12:00:03 +0000 2018,0.0,1.0,0.0,The New York Times,Morning Briefing: Here's what you need to know to start your day https://t.co/1HJQAsCQkv,58
458,-0.6908,Tue Oct 30 11:45:08 +0000 2018,0.231,0.769,0.0,The New York Times,To look at Paula Bronstein‚Äôs images of the elderly people trapped in Ukraine is to see lives frozen by conflict https://t.co/gmxfaqPxpI,59
459,0.0,Tue Oct 30 11:41:55 +0000 2018,0.0,1.0,0.0,The New York Times,Breaking News: President Trump said he was preparing an executive order to end birthright citizenship. It is unclea‚Ä¶ https://t.co/FnnVSA9Uu5,60
460,0.3612,Tue Oct 30 11:30:10 +0000 2018,0.102,0.712,0.186,The New York Times,"RT @nytopinion: For those willing to see past his charm offensive, Crown Prince Mohammed bin Salman of Saudi Arabia had revealed his true c‚Ä¶",61
461,0.5007,Tue Oct 30 11:15:05 +0000 2018,0.0,0.866,0.134,The New York Times,"She made a private slide show called ""What Am I Going To Do With My Life???"" to help women figure out their careers‚Ä¶ https://t.co/9LkcoCFyv1",62
462,-0.128,Tue Oct 30 11:00:14 +0000 2018,0.081,0.919,0.0,The New York Times,Faculty members at Cornell University said that they were cutting ties with a leading Chinese university after repo‚Ä¶ https://t.co/sknNicB5M0,63
463,-0.7964,Tue Oct 30 10:45:06 +0000 2018,0.353,0.647,0.0,The New York Times,Thousands of Gaza residents attended funerals of 3 Palestinian boys killed by an Israeli airstrike https://t.co/ByeqPPfvvZ,64
464,0.8591,Tue Oct 30 10:30:04 +0000 2018,0.0,0.596,0.404,The New York Times,"Lin-Manuel Miranda is co-producing an Off Broadway run of Freestyle Love Supreme, his improvisational hip-hop group  https://t.co/bVIM0h5R0V",65
465,-0.0772,Tue Oct 30 10:15:04 +0000 2018,0.22,0.612,0.167,The New York Times,"From 1937-1938, during Stalin‚Äôs Great Terror, 30,000 people were shot in Moscow alone. Yesterday, thousands stood i‚Ä¶ https://t.co/jgmQujEc0x",66
466,0.0,Tue Oct 30 10:00:16 +0000 2018,0.0,1.0,0.0,The New York Times,President Trump plans to travel today to the Pittsburgh community that was the site of a synagogue massacre. Jewish‚Ä¶ https://t.co/T4PJz0JSq1,67
467,0.296,Tue Oct 30 09:45:02 +0000 2018,0.0,0.784,0.216,The New York Times,In which Yotam Ottolenghi shares his Instagram habits https://t.co/Sb0VLxhMZ8,68
468,-0.0258,Tue Oct 30 09:37:06 +0000 2018,0.128,0.749,0.123,The New York Times,The United States said it would block Fujian Jinhua Integrated Circuit from buying American components because it p‚Ä¶ https://t.co/R2gyV5mHHC,69
469,0.3818,Tue Oct 30 09:30:02 +0000 2018,0.0,0.852,0.148,The New York Times,"Rico Puno, a larger-than-life cultural figure known as the Total Entertainer, channeled American superstars to forg‚Ä¶ https://t.co/7332UCmJbG",70
470,0.296,Tue Oct 30 09:15:05 +0000 2018,0.0,0.909,0.091,The New York Times,You may never have heard of Bytedance or used any of its products. But chances are your teenager is already glued t‚Ä¶ https://t.co/0uZLKLMaCO,71
471,-0.7845,Tue Oct 30 09:10:39 +0000 2018,0.273,0.727,0.0,The New York Times,RT @RorySmith: Lopetegui worried the job was too big for him. Real rushed the announcement because they worried he‚Äôd fail at the World Cup.‚Ä¶,72
472,0.25,Tue Oct 30 09:00:09 +0000 2018,0.0,0.9,0.1,The New York Times,"In Opinion

Op-Ed contributor Andre Perry writes, ""Squirrel Hill‚Äôs vibrancy didn‚Äôt come by chance. We learned how t‚Ä¶ https://t.co/Ik63OYgABm",73
473,-0.3919,Tue Oct 30 08:45:04 +0000 2018,0.128,0.872,0.0,The New York Times,"Austerity is ending, Britain‚Äôs chancellor of the Exchequer said. But he also warned Brexit hard-liners that his pla‚Ä¶ https://t.co/6OJK8APPXj",74
474,-0.6249,Tue Oct 30 08:30:10 +0000 2018,0.177,0.823,0.0,The New York Times,"Sri Lanka now has 2 prime ministers claiming legitimacy, and concerns that violence might be used to break the stal‚Ä¶ https://t.co/QTfNeMM5ok",75
475,-0.3182,Tue Oct 30 08:23:53 +0000 2018,0.108,0.892,0.0,The New York Times,"Before Lion Air Flight #JT610 lost contact on Monday, the plane displayed erratic changes in its speed, altitude an‚Ä¶ https://t.co/RRDYRZavEW",76
476,0.743,Tue Oct 30 08:07:10 +0000 2018,0.0,0.7,0.3,The New York Times,"RT @paulmozur: Quietly stalking big game like Instagram+Snapchat in Asia, Bytedance is China‚Äôs fun social media challenger. Amazingly it ha‚Ä¶",77
477,0.4215,Tue Oct 30 08:00:15 +0000 2018,0.0,0.877,0.123,The New York Times,You can check the safety standards of countries and their airlines before you book tickets. Here's where to find th‚Ä¶ https://t.co/bkHUrAoy2d,78
478,-0.8934,Tue Oct 30 07:47:15 +0000 2018,0.386,0.614,0.0,The New York Times,"RT @nytimesworld: Already the region‚Äôs poorest nation before the war, Yemen now faces a potential famine, driven by punitive economic measu‚Ä¶",79
479,0.8625,Tue Oct 30 07:45:07 +0000 2018,0.0,0.652,0.348,The New York Times,"The tiny editions of these books can be read with one hand. It‚Äôs a bold experiment that, if successful, could resha‚Ä¶ https://t.co/ek7WpzBDxH",80
480,0.0,Tue Oct 30 07:30:03 +0000 2018,0.0,1.0,0.0,The New York Times,"In a new study of the most downloaded apps for children ages 5 and younger, researchers found advertising in almost‚Ä¶ https://t.co/69tztyOxvp",81
481,0.0,Tue Oct 30 07:15:05 +0000 2018,0.0,1.0,0.0,The New York Times,Something very large and dark occupies the center of our galaxy. New data suggest that it is a monstrous black hole‚Ä¶ https://t.co/ZMHqlVG2TQ,82
482,-0.4019,Tue Oct 30 07:00:07 +0000 2018,0.148,0.788,0.064,The New York Times,A landmark ruling orders a Japanese steelmaker to compensate Korean men forced to toil in its factory during WWII https://t.co/8WyAzxK5u5,83
483,0.0,Tue Oct 30 06:45:04 +0000 2018,0.0,1.0,0.0,The New York Times,A search on Instagram produced a torrent of anti-Semitic images and videos uploaded in the wake of Saturday‚Äôs shoot‚Ä¶ https://t.co/LLDUQZWibz,84
484,0.0,Tue Oct 30 06:30:11 +0000 2018,0.0,1.0,0.0,The New York Times,"In Opinion

The editorial board writes, ""Angela Merkel, trained as a scientist in East Germany and the first woman‚Ä¶ https://t.co/otLPjdEBsV",85
485,-0.34,Tue Oct 30 06:15:06 +0000 2018,0.152,0.848,0.0,The New York Times,"In Arizona, the teachers‚Äô protest movement formed 6 months ago to push for higher pay and more school funding is st‚Ä¶ https://t.co/YvchGfylWH",86
486,0.891,Tue Oct 30 06:00:08 +0000 2018,0.0,0.602,0.398,The New York Times,"Nigel Richards, who won the World Scrabble Championships on Sunday, also won the French edition of the championship‚Ä¶ https://t.co/foXsGKf7xJ",87
487,0.4404,Tue Oct 30 05:45:03 +0000 2018,0.0,0.818,0.182,The New York Times,"Good morning, Europe. Here's what you need to know to start your day. https://t.co/wRPekSpGhe",88
488,-0.6249,Tue Oct 30 05:32:32 +0000 2018,0.157,0.843,0.0,The New York Times,RT @Abihabib: One of Asia‚Äôs oldest democracies is at a crossroads today. Will Sri Lankan President Sirisena use violence to crack down on s‚Ä¶,89
489,0.3182,Tue Oct 30 05:30:05 +0000 2018,0.0,0.901,0.099,The New York Times,"Klay Thompson ended his season-long slump in a huge way, setting an NBA record with 14 3-pointers on his way to 52‚Ä¶ https://t.co/iKiF49ysIP",90
490,0.3182,Tue Oct 30 05:15:06 +0000 2018,0.052,0.843,0.104,The New York Times,The sky was clear. The plane was almost brand new. Witnesses who saw Lion Air Flight #JT610 hurtle into the sea tol‚Ä¶ https://t.co/yNgqCthZZE,91
491,0.0,Tue Oct 30 05:00:04 +0000 2018,0.0,1.0,0.0,The New York Times,"RT @nytimesworld: ‚ÄúThey never thought that a woman, a housewife who didn‚Äôt know anything, not even where the courts were located, would tak‚Ä¶",92
492,-0.6908,Tue Oct 30 04:45:06 +0000 2018,0.275,0.725,0.0,The New York Times,Saturday‚Äôs massacre brought to the surface painful political and theological disagreements tearing at the fabric of‚Ä¶ https://t.co/0ocpKeTFDx,93
493,0.3612,Tue Oct 30 04:30:02 +0000 2018,0.0,0.898,0.102,The New York Times,RT @SopanDeb: A protester outside the Comedy Cellar tonight before Louis CK takes the stage for his second billed show of the night. https:‚Ä¶,94
494,0.6369,Tue Oct 30 04:15:08 +0000 2018,0.0,0.851,0.149,The New York Times,"RT @NYTSports: Kevin Durant and Stephen Curry are two of the greatest players in N.B.A. history. When Klay Thompson is hot, they just do th‚Ä¶",95
495,0.0,Tue Oct 30 04:02:05 +0000 2018,0.0,1.0,0.0,The New York Times,"RT @julieturkewitz: When others were shunned, he took them in. ""With him, we were safe."" Pressing lessons for trying times. My tribute to D‚Ä¶",96
496,0.6808,Tue Oct 30 03:48:04 +0000 2018,0.0,0.741,0.259,The New York Times,Entomologists document the Great Indoors: the many species of (mostly beneficial) spiders and insects that dwell in‚Ä¶ https://t.co/L0F27ohUYt,97
497,0.5267,Tue Oct 30 03:32:04 +0000 2018,0.0,0.784,0.216,The New York Times,Environmentalists said the move was a significant setback for efforts to protect the animals from extinction and wo‚Ä¶ https://t.co/0HcQj6AvT1,98
498,-0.765,Tue Oct 30 03:17:05 +0000 2018,0.258,0.742,0.0,The New York Times,"RT @sheeraf: The last few days have been horrible, and Twitter/Facebook/YouTube/etc have been making it worse. Story with @MikeIsaac and @k‚Ä¶",99
499,0.2263,Tue Oct 30 03:02:01 +0000 2018,0.129,0.68,0.19,The New York Times,The Ivy League is trying to drag football into a safer future https://t.co/4j05K482Ab,100
